<?xml version="1.0" encoding="UTF-8"?>
<gpx xmlns="http://www.topografix.com/GPX/1/1" version="1.1" creator="Codex (track from TrailPlanner)">
  <metadata>
    <name>Yamanote Line Stamp Rally — 30 Stamp Locations and Updated Route</name>
    <desc>42.403 km loop. Track geometry from yamamoto-stamp-rally-updated.gpx; 30 named stamp waypoints from stamp_updated_gps04Sep26.txt. Distances exclude stamp access detours. Original route notes: PROVISIONAL ROUTE — independently check before navigation. Connected OSM walking ways only; no artificial connectors. Starts and finishes at waypoint 1 (Waypoint 1); public transport was not searched or required. Visit order: 1 → 2 → 3 → 4 → 5 → 6 → 7 → 8 → 9 → 10 → 11 → 12 → 13 → 14 → 15 → 16 → 17 → 18 → 19 → 20 → 21 → 22 → 23 → 24 → 25 → 26 → 27 → 28 → 29 → 30. All 30 mandatory waypoints visited within the explicitly accepted 30 m tolerance. OSM snapshot 2026-09-04T15:09:07Z. Hiking date 2026-09-04. Timetables, closures, permits, terrain and management are not automatically verified. OpenStreetMap contributors, ODbL: https://www.openstreetmap.org/copyright. AFCD corridor matches, where available, are approximate. No elevation invented.</desc>
    <time>2026-09-04T15:21:46.960Z</time>
  </metadata>
  <wpt lat="35.680499" lon="139.765818">
    <name>東京駅</name>
    <cmt>Stamp #01 - 東京駅</cmt>
    <desc>Stamp #01 - 東京駅. 丸の内南口改札外左側 / 東京車站 丸之內南口閘口外左側</desc>
    <sym>railroad-station</sym>
  </wpt>
  <wpt lat="35.674556" lon="139.762662">
    <name>有楽町駅</name>
    <cmt>Stamp #02 - 有楽町駅</cmt>
    <desc>Stamp #02 - 有楽町駅. 銀座口改札外左側 / 有樂町車站 銀座口閘口外左側</desc>
    <sym>railroad-station</sym>
  </wpt>
  <wpt lat="35.666012" lon="139.758245">
    <name>新橋駅</name>
    <cmt>Stamp #03 - 新橋駅</cmt>
    <desc>Stamp #03 - 新橋駅. 南改札外 / 新橋車站 南閘口外</desc>
    <sym>railroad-station</sym>
  </wpt>
  <wpt lat="35.654764" lon="139.756962">
    <name>浜松町駅</name>
    <cmt>Stamp #04 - 浜松町駅</cmt>
    <desc>Stamp #04 - 浜松町駅. 南改札外 / 濱松町車站 南閘口外</desc>
    <sym>railroad-station</sym>
  </wpt>
  <wpt lat="35.64593" lon="139.747901">
    <name>田町駅</name>
    <cmt>Stamp #05 - 田町駅</cmt>
    <desc>Stamp #05 - 田町駅. 北改札外左側 / 田町車站 北閘口外左側</desc>
    <sym>railroad-station</sym>
  </wpt>
  <wpt lat="35.635203" lon="139.740423">
    <name>高輪ゲートウェイ駅</name>
    <cmt>Stamp #06 - 高輪ゲートウェイ駅</cmt>
    <desc>Stamp #06 - 高輪ゲートウェイ駅. 改札外右側 / 高輪Gateway車站 閘口外右側</desc>
    <sym>railroad-station</sym>
  </wpt>
  <wpt lat="35.6287" lon="139.73875">
    <name>品川駅</name>
    <cmt>Stamp #07 - 品川駅</cmt>
    <desc>Stamp #07 - 品川駅. 中央改札外みどりの窓口内 / 品川車站 中央閘口外綠色窗口內</desc>
    <sym>railroad-station</sym>
  </wpt>
  <wpt lat="35.62008" lon="139.728098">
    <name>大崎駅</name>
    <cmt>Stamp #08 - 大崎駅</cmt>
    <desc>Stamp #08 - 大崎駅. 北改札口外右側 / 大崎車站 北閘口外右側</desc>
    <sym>railroad-station</sym>
  </wpt>
  <wpt lat="35.626093" lon="139.723578">
    <name>五反田駅</name>
    <cmt>Stamp #09 - 五反田駅</cmt>
    <desc>Stamp #09 - 五反田駅. 中央改札口外右側 / 五反田車站 中央閘口外右側</desc>
    <sym>railroad-station</sym>
  </wpt>
  <wpt lat="35.633911" lon="139.71562">
    <name>目黒駅</name>
    <cmt>Stamp #10 - 目黒駅</cmt>
    <desc>Stamp #10 - 目黒駅. 中央改札口外右側 / 目黑車站 中央閘口外右側</desc>
    <sym>railroad-station</sym>
  </wpt>
  <wpt lat="35.647003" lon="139.709475">
    <name>恵比寿駅</name>
    <cmt>Stamp #11 - 恵比寿駅</cmt>
    <desc>Stamp #11 - 恵比寿駅. 西口改札外左側 / 惠比壽車站 西口閘口外左側</desc>
    <sym>railroad-station</sym>
  </wpt>
  <wpt lat="35.658024" lon="139.701614">
    <name>渋谷駅</name>
    <cmt>Stamp #12 - 渋谷駅</cmt>
    <desc>Stamp #12 - 渋谷駅. 南改札外 / 澀谷車站 南閘口外</desc>
    <sym>railroad-station</sym>
  </wpt>
  <wpt lat="35.670168" lon="139.702433">
    <name>原宿駅</name>
    <cmt>Stamp #13 - 原宿駅</cmt>
    <desc>Stamp #13 - 原宿駅. 東口改札外左側 / 原宿車站 東口閘口外左側</desc>
    <sym>railroad-station</sym>
  </wpt>
  <wpt lat="35.68306" lon="139.702165">
    <name>代々木駅</name>
    <cmt>Stamp #14 - 代々木駅</cmt>
    <desc>Stamp #14 - 代々木駅. 西口改札外 / 代代木車站 西口閘口外</desc>
    <sym>railroad-station</sym>
  </wpt>
  <wpt lat="35.69124" lon="139.7005">
    <name>新宿駅</name>
    <cmt>Stamp #15 - 新宿駅</cmt>
    <desc>Stamp #15 - 新宿駅. 東改札外左側みどりの窓口内 / 新宿車站 東閘口外左側綠色窗口內</desc>
    <sym>railroad-station</sym>
  </wpt>
  <wpt lat="35.701393" lon="139.700051">
    <name>新大久保駅</name>
    <cmt>Stamp #16 - 新大久保駅</cmt>
    <desc>Stamp #16 - 新大久保駅. 出口改札外右側 / 新大久保車站 出口閘口外右側</desc>
    <sym>railroad-station</sym>
  </wpt>
  <wpt lat="35.71268" lon="139.70385">
    <name>高田馬場駅</name>
    <cmt>Stamp #17 - 高田馬場駅</cmt>
    <desc>Stamp #17 - 高田馬場駅. 早稲田口改札外右側 / 高田馬場車站 早稻田口閘口外右側</desc>
    <sym>railroad-station</sym>
  </wpt>
  <wpt lat="35.721349" lon="139.706611">
    <name>目白駅</name>
    <cmt>Stamp #18 - 目白駅</cmt>
    <desc>Stamp #18 - 目白駅. 改札外左側 / 目白車站 閘口外左側</desc>
    <sym>railroad-station</sym>
  </wpt>
  <wpt lat="35.72865" lon="139.71119">
    <name>池袋駅</name>
    <cmt>Stamp #19 - 池袋駅</cmt>
    <desc>Stamp #19 - 池袋駅. 南改札外右側 / 池袋車站 南閘口外右側</desc>
    <sym>railroad-station</sym>
  </wpt>
  <wpt lat="35.73157" lon="139.72862">
    <name>大塚駅</name>
    <cmt>Stamp #20 - 大塚駅</cmt>
    <desc>Stamp #20 - 大塚駅. 改札外右側 / 大塚車站 閘口外右側</desc>
    <sym>railroad-station</sym>
  </wpt>
  <wpt lat="35.733315" lon="139.739297">
    <name>巣鴨駅</name>
    <cmt>Stamp #21 - 巣鴨駅</cmt>
    <desc>Stamp #21 - 巣鴨駅. 改札外南口右側 / 巢鴨車站 閘口外南口右側</desc>
    <sym>railroad-station</sym>
  </wpt>
  <wpt lat="35.736496" lon="139.746912">
    <name>駒込駅</name>
    <cmt>Stamp #22 - 駒込駅</cmt>
    <desc>Stamp #22 - 駒込駅. 北口改札外右側 / 駒込車站 北口閘口外右側</desc>
    <sym>railroad-station</sym>
  </wpt>
  <wpt lat="35.738314" lon="139.760698">
    <name>田端駅</name>
    <cmt>Stamp #23 - 田端駅</cmt>
    <desc>Stamp #23 - 田端駅. 北改札口外左側 / 田端車站 北閘口外左側</desc>
    <sym>railroad-station</sym>
  </wpt>
  <wpt lat="35.732174" lon="139.766901">
    <name>西日暮里駅</name>
    <cmt>Stamp #24 - 西日暮里駅</cmt>
    <desc>Stamp #24 - 西日暮里駅. 改札外右側 / 西日暮里車站 閘口外右側</desc>
    <sym>railroad-station</sym>
  </wpt>
  <wpt lat="35.728353" lon="139.77116">
    <name>日暮里駅</name>
    <cmt>Stamp #25 - 日暮里駅</cmt>
    <desc>Stamp #25 - 日暮里駅. 北改札外 / 日暮里車站 北閘口外</desc>
    <sym>railroad-station</sym>
  </wpt>
  <wpt lat="35.720273" lon="139.779106">
    <name>鶯谷駅</name>
    <cmt>Stamp #26 - 鶯谷駅</cmt>
    <desc>Stamp #26 - 鶯谷駅. 南口改札外 / 鶯谷車站 南口閘口外</desc>
    <sym>railroad-station</sym>
  </wpt>
  <wpt lat="35.7125" lon="139.7764">
    <name>上野駅</name>
    <cmt>Stamp #27 - 上野駅</cmt>
    <desc>Stamp #27 - 上野駅. 中央改札外右側 / 上野車站 中央閘口外右側</desc>
    <sym>railroad-station</sym>
  </wpt>
  <wpt lat="35.707605" lon="139.774812">
    <name>御徒町駅</name>
    <cmt>Stamp #28 - 御徒町駅</cmt>
    <desc>Stamp #28 - 御徒町駅. 北口改札外右側 / 御徒町車站 北口閘口外右側</desc>
    <sym>railroad-station</sym>
  </wpt>
  <wpt lat="35.698309" lon="139.773726">
    <name>秋葉原駅</name>
    <cmt>Stamp #29 - 秋葉原駅</cmt>
    <desc>Stamp #29 - 秋葉原駅. 中央改札外右側 / 秋葉原車站 中央閘口外右側</desc>
    <sym>railroad-station</sym>
  </wpt>
  <wpt lat="35.691087" lon="139.770945">
    <name>神田駅</name>
    <cmt>Stamp #30 - 神田駅</cmt>
    <desc>Stamp #30 - 神田駅. 南口改札外右側 / 神田車站 南口閘口外右側</desc>
    <sym>railroad-station</sym>
  </wpt>
  <trk>
    <name>Shortest qualifying route · pin order · loop — provisional</name>
    <desc>PROVISIONAL ROUTE — independently check before navigation. Connected OSM walking ways only; no artificial connectors. Starts and finishes at waypoint 1 (Waypoint 1); public transport was not searched or required. Visit order: 1 → 2 → 3 → 4 → 5 → 6 → 7 → 8 → 9 → 10 → 11 → 12 → 13 → 14 → 15 → 16 → 17 → 18 → 19 → 20 → 21 → 22 → 23 → 24 → 25 → 26 → 27 → 28 → 29 → 30. All 30 mandatory waypoints visited within the explicitly accepted 30 m tolerance. OSM snapshot 2026-09-04T15:09:07Z. Hiking date 2026-09-04. Timetables, closures, permits, terrain and management are not automatically verified. OpenStreetMap contributors, ODbL: https://www.openstreetmap.org/copyright. AFCD corridor matches, where available, are approximate. No elevation invented.</desc>
    <trkseg>
      <trkpt lat="35.68049925" lon="139.76581809" />
      <trkpt lat="35.68051870" lon="139.76573670" />
      <trkpt lat="35.68037840" lon="139.76538360" />
      <trkpt lat="35.68036690" lon="139.76535810" />
      <trkpt lat="35.68027790" lon="139.76541420" />
      <trkpt lat="35.68023200" lon="139.76544680" />
      <trkpt lat="35.67970360" lon="139.76580030" />
      <trkpt lat="35.67963850" lon="139.76584430" />
      <trkpt lat="35.67956430" lon="139.76587380" />
      <trkpt lat="35.67950370" lon="139.76588220" />
      <trkpt lat="35.67943110" lon="139.76587200" />
      <trkpt lat="35.67894060" lon="139.76570560" />
      <trkpt lat="35.67799020" lon="139.76536250" />
      <trkpt lat="35.67777450" lon="139.76528310" />
      <trkpt lat="35.67766810" lon="139.76524620" />
      <trkpt lat="35.67764920" lon="139.76523990" />
      <trkpt lat="35.67757120" lon="139.76521310" />
      <trkpt lat="35.67754790" lon="139.76520510" />
      <trkpt lat="35.67747860" lon="139.76518120" />
      <trkpt lat="35.67746070" lon="139.76515280" />
      <trkpt lat="35.67747010" lon="139.76510390" />
      <trkpt lat="35.67747980" lon="139.76505540" />
      <trkpt lat="35.67727790" lon="139.76499930" />
      <trkpt lat="35.67697640" lon="139.76485440" />
      <trkpt lat="35.67645710" lon="139.76449700" />
      <trkpt lat="35.67608790" lon="139.76413970" />
      <trkpt lat="35.67576210" lon="139.76372290" />
      <trkpt lat="35.67571170" lon="139.76363700" />
      <trkpt lat="35.67571170" lon="139.76358870" />
      <trkpt lat="35.67569420" lon="139.76358400" />
      <trkpt lat="35.67565190" lon="139.76357420" />
      <trkpt lat="35.67561010" lon="139.76356330" />
      <trkpt lat="35.67556830" lon="139.76355190" />
      <trkpt lat="35.67556770" lon="139.76348320" />
      <trkpt lat="35.67557230" lon="139.76345650" />
      <trkpt lat="35.67552210" lon="139.76344180" />
      <trkpt lat="35.67535090" lon="139.76318110" />
      <trkpt lat="35.67528330" lon="139.76307560" />
      <trkpt lat="35.67515480" lon="139.76289810" />
      <trkpt lat="35.67499810" lon="139.76271170" />
      <trkpt lat="35.67496170" lon="139.76265930" />
      <trkpt lat="35.67495990" lon="139.76262080" />
      <trkpt lat="35.67497200" lon="139.76256170" />
      <trkpt lat="35.67493970" lon="139.76255420" />
      <trkpt lat="35.67491260" lon="139.76254770" />
      <trkpt lat="35.67481700" lon="139.76252520" />
      <trkpt lat="35.67471530" lon="139.76250120" />
      <trkpt lat="35.67468820" lon="139.76249480" />
      <trkpt lat="35.67468320" lon="139.76253400" />
      <trkpt lat="35.67467240" lon="139.76254640" />
      <trkpt lat="35.67466430" lon="139.76255650" />
      <trkpt lat="35.67462020" lon="139.76261220" />
      <trkpt lat="35.67457820" lon="139.76266510" />
      <trkpt lat="35.67455597" lon="139.76266244" />
      <trkpt lat="35.67457820" lon="139.76266510" />
      <trkpt lat="35.67462020" lon="139.76261220" />
      <trkpt lat="35.67466430" lon="139.76255650" />
      <trkpt lat="35.67467240" lon="139.76254640" />
      <trkpt lat="35.67468320" lon="139.76253400" />
      <trkpt lat="35.67468820" lon="139.76249480" />
      <trkpt lat="35.67469380" lon="139.76245000" />
      <trkpt lat="35.67470650" lon="139.76235770" />
      <trkpt lat="35.67471700" lon="139.76227980" />
      <trkpt lat="35.67472100" lon="139.76224820" />
      <trkpt lat="35.67465400" lon="139.76220760" />
      <trkpt lat="35.67463880" lon="139.76219650" />
      <trkpt lat="35.67461610" lon="139.76218010" />
      <trkpt lat="35.67457890" lon="139.76215520" />
      <trkpt lat="35.67455250" lon="139.76213690" />
      <trkpt lat="35.67450340" lon="139.76208040" />
      <trkpt lat="35.67392870" lon="139.76141960" />
      <trkpt lat="35.67392090" lon="139.76136050" />
      <trkpt lat="35.67395330" lon="139.76130520" />
      <trkpt lat="35.67393230" lon="139.76128810" />
      <trkpt lat="35.67392450" lon="139.76128170" />
      <trkpt lat="35.67388050" lon="139.76124190" />
      <trkpt lat="35.67379400" lon="139.76115910" />
      <trkpt lat="35.67375560" lon="139.76112350" />
      <trkpt lat="35.67373760" lon="139.76110650" />
      <trkpt lat="35.67370570" lon="139.76115830" />
      <trkpt lat="35.67369430" lon="139.76116480" />
      <trkpt lat="35.67367590" lon="139.76116050" />
      <trkpt lat="35.67365570" lon="139.76114650" />
      <trkpt lat="35.67361440" lon="139.76110540" />
      <trkpt lat="35.67344680" lon="139.76094160" />
      <trkpt lat="35.67319360" lon="139.76069430" />
      <trkpt lat="35.67317740" lon="139.76071790" />
      <trkpt lat="35.67313970" lon="139.76068580" />
      <trkpt lat="35.67305360" lon="139.76061240" />
      <trkpt lat="35.67263350" lon="139.76028550" />
      <trkpt lat="35.67222060" lon="139.76001160" />
      <trkpt lat="35.67197590" lon="139.75988370" />
      <trkpt lat="35.67152470" lon="139.75964780" />
      <trkpt lat="35.67122560" lon="139.75947580" />
      <trkpt lat="35.67084300" lon="139.75925590" />
      <trkpt lat="35.67080180" lon="139.75923220" />
      <trkpt lat="35.67051970" lon="139.75906650" />
      <trkpt lat="35.67047120" lon="139.75903800" />
      <trkpt lat="35.66967850" lon="139.75857240" />
      <trkpt lat="35.66962740" lon="139.75849960" />
      <trkpt lat="35.66955440" lon="139.75845950" />
      <trkpt lat="35.66916970" lon="139.75824820" />
      <trkpt lat="35.66883380" lon="139.75806370" />
      <trkpt lat="35.66874700" lon="139.75802610" />
      <trkpt lat="35.66838640" lon="139.75786700" />
      <trkpt lat="35.66833680" lon="139.75784500" />
      <trkpt lat="35.66826340" lon="139.75781080" />
      <trkpt lat="35.66808490" lon="139.75772770" />
      <trkpt lat="35.66784430" lon="139.75761630" />
      <trkpt lat="35.66781650" lon="139.75769420" />
      <trkpt lat="35.66780660" lon="139.75772870" />
      <trkpt lat="35.66772760" lon="139.75769110" />
      <trkpt lat="35.66769040" lon="139.75767340" />
      <trkpt lat="35.66760950" lon="139.75763490" />
      <trkpt lat="35.66756260" lon="139.75761260" />
      <trkpt lat="35.66749040" lon="139.75783290" />
      <trkpt lat="35.66722200" lon="139.75780570" />
      <trkpt lat="35.66720750" lon="139.75780610" />
      <trkpt lat="35.66710610" lon="139.75780880" />
      <trkpt lat="35.66684050" lon="139.75778130" />
      <trkpt lat="35.66653480" lon="139.75783880" />
      <trkpt lat="35.66640090" lon="139.75786330" />
      <trkpt lat="35.66628290" lon="139.75788610" />
      <trkpt lat="35.66596658" lon="139.75796340" />
      <trkpt lat="35.66587000" lon="139.75798700" />
      <trkpt lat="35.66587480" lon="139.75801400" />
      <trkpt lat="35.66587346" lon="139.75824377" />
      <trkpt lat="35.66587340" lon="139.75825350" />
      <trkpt lat="35.66601202" lon="139.75824550" />
      <trkpt lat="35.66587340" lon="139.75825350" />
      <trkpt lat="35.66587346" lon="139.75824377" />
      <trkpt lat="35.66587480" lon="139.75801400" />
      <trkpt lat="35.66587000" lon="139.75798700" />
      <trkpt lat="35.66567660" lon="139.75803680" />
      <trkpt lat="35.66565090" lon="139.75802320" />
      <trkpt lat="35.66564480" lon="139.75801970" />
      <trkpt lat="35.66563470" lon="139.75801380" />
      <trkpt lat="35.66561770" lon="139.75800120" />
      <trkpt lat="35.66558670" lon="139.75803760" />
      <trkpt lat="35.66540410" lon="139.75808460" />
      <trkpt lat="35.66536690" lon="139.75809340" />
      <trkpt lat="35.66491360" lon="139.75815050" />
      <trkpt lat="35.66487890" lon="139.75815750" />
      <trkpt lat="35.66481090" lon="139.75817120" />
      <trkpt lat="35.66477040" lon="139.75817290" />
      <trkpt lat="35.66469260" lon="139.75818900" />
      <trkpt lat="35.66462930" lon="139.75820210" />
      <trkpt lat="35.66445610" lon="139.75821930" />
      <trkpt lat="35.66437240" lon="139.75823090" />
      <trkpt lat="35.66433640" lon="139.75823590" />
      <trkpt lat="35.66425200" lon="139.75823770" />
      <trkpt lat="35.66386540" lon="139.75791380" />
      <trkpt lat="35.66383630" lon="139.75788690" />
      <trkpt lat="35.66382280" lon="139.75785940" />
      <trkpt lat="35.66381370" lon="139.75782780" />
      <trkpt lat="35.66380830" lon="139.75779700" />
      <trkpt lat="35.66380610" lon="139.75776610" />
      <trkpt lat="35.66378200" lon="139.75774610" />
      <trkpt lat="35.66371240" lon="139.75768850" />
      <trkpt lat="35.66359980" lon="139.75759480" />
      <trkpt lat="35.66353920" lon="139.75754000" />
      <trkpt lat="35.66351590" lon="139.75751840" />
      <trkpt lat="35.66349650" lon="139.75754150" />
      <trkpt lat="35.66347010" lon="139.75754860" />
      <trkpt lat="35.66344760" lon="139.75754150" />
      <trkpt lat="35.66343360" lon="139.75753590" />
      <trkpt lat="35.66338850" lon="139.75751470" />
      <trkpt lat="35.66321510" lon="139.75735750" />
      <trkpt lat="35.66322020" lon="139.75734050" />
      <trkpt lat="35.66317670" lon="139.75730510" />
      <trkpt lat="35.66312330" lon="139.75726160" />
      <trkpt lat="35.66310080" lon="139.75726960" />
      <trkpt lat="35.66260190" lon="139.75685980" />
      <trkpt lat="35.66256350" lon="139.75682820" />
      <trkpt lat="35.66255500" lon="139.75680310" />
      <trkpt lat="35.66252570" lon="139.75677370" />
      <trkpt lat="35.66247860" lon="139.75672640" />
      <trkpt lat="35.66242310" lon="139.75673190" />
      <trkpt lat="35.66238660" lon="139.75679290" />
      <trkpt lat="35.66230840" lon="139.75692740" />
      <trkpt lat="35.66225580" lon="139.75701280" />
      <trkpt lat="35.66184200" lon="139.75665720" />
      <trkpt lat="35.66160930" lon="139.75646370" />
      <trkpt lat="35.66159880" lon="139.75645540" />
      <trkpt lat="35.66157510" lon="139.75643500" />
      <trkpt lat="35.66155140" lon="139.75641500" />
      <trkpt lat="35.66109510" lon="139.75601840" />
      <trkpt lat="35.66082190" lon="139.75580300" />
      <trkpt lat="35.66079370" lon="139.75579340" />
      <trkpt lat="35.66076740" lon="139.75577500" />
      <trkpt lat="35.66074670" lon="139.75576070" />
      <trkpt lat="35.66073610" lon="139.75573760" />
      <trkpt lat="35.66035170" lon="139.75542020" />
      <trkpt lat="35.66034120" lon="139.75541860" />
      <trkpt lat="35.66032100" lon="139.75541540" />
      <trkpt lat="35.66027910" lon="139.75541540" />
      <trkpt lat="35.66024710" lon="139.75540950" />
      <trkpt lat="35.66018570" lon="139.75539830" />
      <trkpt lat="35.66011510" lon="139.75538410" />
      <trkpt lat="35.66009210" lon="139.75537940" />
      <trkpt lat="35.66005860" lon="139.75535920" />
      <trkpt lat="35.66000520" lon="139.75532560" />
      <trkpt lat="35.65973760" lon="139.75528970" />
      <trkpt lat="35.65970550" lon="139.75528600" />
      <trkpt lat="35.65968800" lon="139.75528390" />
      <trkpt lat="35.65885220" lon="139.75515750" />
      <trkpt lat="35.65881350" lon="139.75515160" />
      <trkpt lat="35.65878340" lon="139.75514850" />
      <trkpt lat="35.65874120" lon="139.75514420" />
      <trkpt lat="35.65871610" lon="139.75514070" />
      <trkpt lat="35.65809870" lon="139.75505440" />
      <trkpt lat="35.65780300" lon="139.75501310" />
      <trkpt lat="35.65777090" lon="139.75500860" />
      <trkpt lat="35.65756140" lon="139.75497940" />
      <trkpt lat="35.65738390" lon="139.75495460" />
      <trkpt lat="35.65710270" lon="139.75491530" />
      <trkpt lat="35.65693490" lon="139.75489180" />
      <trkpt lat="35.65687140" lon="139.75493370" />
      <trkpt lat="35.65684870" lon="139.75493060" />
      <trkpt lat="35.65679870" lon="139.75492390" />
      <trkpt lat="35.65675300" lon="139.75491830" />
      <trkpt lat="35.65669350" lon="139.75491030" />
      <trkpt lat="35.65667010" lon="139.75490740" />
      <trkpt lat="35.65664740" lon="139.75511230" />
      <trkpt lat="35.65663230" lon="139.75524870" />
      <trkpt lat="35.65660510" lon="139.75525050" />
      <trkpt lat="35.65550940" lon="139.75509310" />
      <trkpt lat="35.65550490" lon="139.75513820" />
      <trkpt lat="35.65468010" lon="139.75501260" />
      <trkpt lat="35.65462000" lon="139.75500340" />
      <trkpt lat="35.65456990" lon="139.75499660" />
      <trkpt lat="35.65424020" lon="139.75495170" />
      <trkpt lat="35.65398980" lon="139.75491770" />
      <trkpt lat="35.65398360" lon="139.75497370" />
      <trkpt lat="35.65397730" lon="139.75503100" />
      <trkpt lat="35.65394930" lon="139.75528440" />
      <trkpt lat="35.65388360" lon="139.75594770" />
      <trkpt lat="35.65388010" lon="139.75598340" />
      <trkpt lat="35.65355790" lon="139.75593440" />
      <trkpt lat="35.65351540" lon="139.75641570" />
      <trkpt lat="35.65351070" lon="139.75646940" />
      <trkpt lat="35.65333030" lon="139.75642790" />
      <trkpt lat="35.65332670" lon="139.75644910" />
      <trkpt lat="35.65328170" lon="139.75645140" />
      <trkpt lat="35.65315160" lon="139.75721500" />
      <trkpt lat="35.65302750" lon="139.75718110" />
      <trkpt lat="35.65302610" lon="139.75720930" />
      <trkpt lat="35.65312640" lon="139.75722660" />
      <trkpt lat="35.65312380" lon="139.75725020" />
      <trkpt lat="35.65329320" lon="139.75727330" />
      <trkpt lat="35.65329910" lon="139.75724130" />
      <trkpt lat="35.65334040" lon="139.75724750" />
      <trkpt lat="35.65335230" lon="139.75716400" />
      <trkpt lat="35.65336530" lon="139.75708930" />
      <trkpt lat="35.65357680" lon="139.75713850" />
      <trkpt lat="35.65384740" lon="139.75721760" />
      <trkpt lat="35.65392490" lon="139.75724380" />
      <trkpt lat="35.65433070" lon="139.75733510" />
      <trkpt lat="35.65454510" lon="139.75698540" />
      <trkpt lat="35.65458770" lon="139.75692030" />
      <trkpt lat="35.65472810" lon="139.75695640" />
      <trkpt lat="35.65476410" lon="139.75696240" />
      <trkpt lat="35.65472810" lon="139.75695640" />
      <trkpt lat="35.65458770" lon="139.75692030" />
      <trkpt lat="35.65454510" lon="139.75698540" />
      <trkpt lat="35.65433070" lon="139.75733510" />
      <trkpt lat="35.65392490" lon="139.75724380" />
      <trkpt lat="35.65384740" lon="139.75721760" />
      <trkpt lat="35.65357680" lon="139.75713850" />
      <trkpt lat="35.65336530" lon="139.75708930" />
      <trkpt lat="35.65332480" lon="139.75707980" />
      <trkpt lat="35.65297830" lon="139.75699860" />
      <trkpt lat="35.65277070" lon="139.75694320" />
      <trkpt lat="35.65259280" lon="139.75688630" />
      <trkpt lat="35.65207260" lon="139.75671710" />
      <trkpt lat="35.65180110" lon="139.75662890" />
      <trkpt lat="35.65154760" lon="139.75650660" />
      <trkpt lat="35.65150410" lon="139.75648560" />
      <trkpt lat="35.65146650" lon="139.75646750" />
      <trkpt lat="35.65136370" lon="139.75644420" />
      <trkpt lat="35.65098020" lon="139.75631310" />
      <trkpt lat="35.65077060" lon="139.75624140" />
      <trkpt lat="35.65078990" lon="139.75618580" />
      <trkpt lat="35.65073740" lon="139.75615990" />
      <trkpt lat="35.65067740" lon="139.75613040" />
      <trkpt lat="35.64994810" lon="139.75577420" />
      <trkpt lat="35.64942960" lon="139.75552090" />
      <trkpt lat="35.64936960" lon="139.75533940" />
      <trkpt lat="35.64934430" lon="139.75535360" />
      <trkpt lat="35.64929520" lon="139.75514430" />
      <trkpt lat="35.64943970" lon="139.75503910" />
      <trkpt lat="35.64941070" lon="139.75498830" />
      <trkpt lat="35.64921740" lon="139.75479080" />
      <trkpt lat="35.64910680" lon="139.75467910" />
      <trkpt lat="35.64886960" lon="139.75439270" />
      <trkpt lat="35.64904660" lon="139.75386320" />
      <trkpt lat="35.64909010" lon="139.75373310" />
      <trkpt lat="35.64919090" lon="139.75337930" />
      <trkpt lat="35.64915900" lon="139.75335990" />
      <trkpt lat="35.64910640" lon="139.75332800" />
      <trkpt lat="35.64900840" lon="139.75326490" />
      <trkpt lat="35.64896070" lon="139.75323420" />
      <trkpt lat="35.64894780" lon="139.75322590" />
      <trkpt lat="35.64891490" lon="139.75318740" />
      <trkpt lat="35.64890320" lon="139.75316070" />
      <trkpt lat="35.64889240" lon="139.75313060" />
      <trkpt lat="35.64888750" lon="139.75307850" />
      <trkpt lat="35.64886390" lon="139.75305100" />
      <trkpt lat="35.64877560" lon="139.75276000" />
      <trkpt lat="35.64876500" lon="139.75272330" />
      <trkpt lat="35.64873380" lon="139.75273860" />
      <trkpt lat="35.64850950" lon="139.75284630" />
      <trkpt lat="35.64846970" lon="139.75286850" />
      <trkpt lat="35.64832960" lon="139.75230770" />
      <trkpt lat="35.64784340" lon="139.75062950" />
      <trkpt lat="35.64760780" lon="139.75078680" />
      <trkpt lat="35.64750600" lon="139.75080710" />
      <trkpt lat="35.64722870" lon="139.75018070" />
      <trkpt lat="35.64718240" lon="139.75002520" />
      <trkpt lat="35.64706800" lon="139.74978000" />
      <trkpt lat="35.64704840" lon="139.74974540" />
      <trkpt lat="35.64665370" lon="139.75003780" />
      <trkpt lat="35.64658110" lon="139.75009170" />
      <trkpt lat="35.64653460" lon="139.75012610" />
      <trkpt lat="35.64651450" lon="139.75015620" />
      <trkpt lat="35.64641220" lon="139.75021910" />
      <trkpt lat="35.64639270" lon="139.75023150" />
      <trkpt lat="35.64625260" lon="139.74989810" />
      <trkpt lat="35.64589010" lon="139.74902670" />
      <trkpt lat="35.64567460" lon="139.74858900" />
      <trkpt lat="35.64546050" lon="139.74817780" />
      <trkpt lat="35.64543260" lon="139.74814040" />
      <trkpt lat="35.64538810" lon="139.74817260" />
      <trkpt lat="35.64537340" lon="139.74815670" />
      <trkpt lat="35.64537760" lon="139.74814200" />
      <trkpt lat="35.64539900" lon="139.74812360" />
      <trkpt lat="35.64537100" lon="139.74807470" />
      <trkpt lat="35.64534990" lon="139.74802190" />
      <trkpt lat="35.64532790" lon="139.74796690" />
      <trkpt lat="35.64565160" lon="139.74773460" />
      <trkpt lat="35.64567070" lon="139.74772090" />
      <trkpt lat="35.64573220" lon="139.74767770" />
      <trkpt lat="35.64574820" lon="139.74771580" />
      <trkpt lat="35.64573220" lon="139.74767770" />
      <trkpt lat="35.64580333" lon="139.74762777" />
      <trkpt lat="35.64598590" lon="139.74749960" />
      <trkpt lat="35.64595540" lon="139.74744140" />
      <trkpt lat="35.64598630" lon="139.74741780" />
      <trkpt lat="35.64600000" lon="139.74740700" />
      <trkpt lat="35.64633590" lon="139.74714200" />
      <trkpt lat="35.64655120" lon="139.74696110" />
      <trkpt lat="35.64643160" lon="139.74672100" />
      <trkpt lat="35.64670300" lon="139.74652750" />
      <trkpt lat="35.64680330" lon="139.74643670" />
      <trkpt lat="35.64683550" lon="139.74650840" />
      <trkpt lat="35.64684940" lon="139.74653950" />
      <trkpt lat="35.64685340" lon="139.74654730" />
      <trkpt lat="35.64684680" lon="139.74655080" />
      <trkpt lat="35.64677810" lon="139.74658740" />
      <trkpt lat="35.64670470" lon="139.74659580" />
      <trkpt lat="35.64657330" lon="139.74668890" />
      <trkpt lat="35.64624040" lon="139.74600760" />
      <trkpt lat="35.64612580" lon="139.74609590" />
      <trkpt lat="35.64614810" lon="139.74613230" />
      <trkpt lat="35.64616720" lon="139.74611670" />
      <trkpt lat="35.64593870" lon="139.74569070" />
      <trkpt lat="35.64572840" lon="139.74537900" />
      <trkpt lat="35.64553500" lon="139.74506010" />
      <trkpt lat="35.64525470" lon="139.74461070" />
      <trkpt lat="35.64520090" lon="139.74452330" />
      <trkpt lat="35.64513690" lon="139.74442180" />
      <trkpt lat="35.64505650" lon="139.74431880" />
      <trkpt lat="35.64500280" lon="139.74425010" />
      <trkpt lat="35.64476780" lon="139.74394580" />
      <trkpt lat="35.64471520" lon="139.74386810" />
      <trkpt lat="35.64465590" lon="139.74379820" />
      <trkpt lat="35.64459730" lon="139.74373570" />
      <trkpt lat="35.64450940" lon="139.74365230" />
      <trkpt lat="35.64431210" lon="139.74347040" />
      <trkpt lat="35.64400280" lon="139.74319400" />
      <trkpt lat="35.64379960" lon="139.74302210" />
      <trkpt lat="35.64365110" lon="139.74288910" />
      <trkpt lat="35.64283840" lon="139.74240480" />
      <trkpt lat="35.64246240" lon="139.74217980" />
      <trkpt lat="35.64194090" lon="139.74186320" />
      <trkpt lat="35.64124660" lon="139.74148160" />
      <trkpt lat="35.64098520" lon="139.74136470" />
      <trkpt lat="35.64071020" lon="139.74125840" />
      <trkpt lat="35.64023380" lon="139.74105200" />
      <trkpt lat="35.64007600" lon="139.74098360" />
      <trkpt lat="35.63995570" lon="139.74091150" />
      <trkpt lat="35.63964920" lon="139.74073470" />
      <trkpt lat="35.63955670" lon="139.74078740" />
      <trkpt lat="35.63948400" lon="139.74075010" />
      <trkpt lat="35.63941800" lon="139.74071710" />
      <trkpt lat="35.63937340" lon="139.74057620" />
      <trkpt lat="35.63933530" lon="139.74055160" />
      <trkpt lat="35.63928210" lon="139.74052030" />
      <trkpt lat="35.63922270" lon="139.74049040" />
      <trkpt lat="35.63918320" lon="139.74047050" />
      <trkpt lat="35.63821070" lon="139.73992000" />
      <trkpt lat="35.63767780" lon="139.73963490" />
      <trkpt lat="35.63766240" lon="139.73962740" />
      <trkpt lat="35.63763270" lon="139.73961660" />
      <trkpt lat="35.63760690" lon="139.73962160" />
      <trkpt lat="35.63758500" lon="139.73963150" />
      <trkpt lat="35.63757050" lon="139.73962400" />
      <trkpt lat="35.63752810" lon="139.73960270" />
      <trkpt lat="35.63749930" lon="139.73958840" />
      <trkpt lat="35.63746710" lon="139.73957360" />
      <trkpt lat="35.63740250" lon="139.73954390" />
      <trkpt lat="35.63738550" lon="139.73952110" />
      <trkpt lat="35.63737140" lon="139.73950130" />
      <trkpt lat="35.63707880" lon="139.73964140" />
      <trkpt lat="35.63701030" lon="139.73983400" />
      <trkpt lat="35.63693030" lon="139.74007380" />
      <trkpt lat="35.63681750" lon="139.74046150" />
      <trkpt lat="35.63591910" lon="139.74007430" />
      <trkpt lat="35.63582790" lon="139.74040150" />
      <trkpt lat="35.63527840" lon="139.74016400" />
      <trkpt lat="35.63525040" lon="139.74025910" />
      <trkpt lat="35.63521940" lon="139.74036420" />
      <trkpt lat="35.63522470" lon="139.74037500" />
      <trkpt lat="35.63521230" lon="139.74041760" />
      <trkpt lat="35.63520308" lon="139.74042319" />
      <trkpt lat="35.63521230" lon="139.74041760" />
      <trkpt lat="35.63522470" lon="139.74037500" />
      <trkpt lat="35.63521940" lon="139.74036420" />
      <trkpt lat="35.63525040" lon="139.74025910" />
      <trkpt lat="35.63517030" lon="139.74022410" />
      <trkpt lat="35.63529690" lon="139.73979340" />
      <trkpt lat="35.63433850" lon="139.73937590" />
      <trkpt lat="35.63440380" lon="139.73908950" />
      <trkpt lat="35.63412430" lon="139.73861840" />
      <trkpt lat="35.63414880" lon="139.73848700" />
      <trkpt lat="35.63405450" lon="139.73838070" />
      <trkpt lat="35.63406990" lon="139.73835590" />
      <trkpt lat="35.63403620" lon="139.73834770" />
      <trkpt lat="35.63397740" lon="139.73833340" />
      <trkpt lat="35.63391970" lon="139.73831940" />
      <trkpt lat="35.63390870" lon="139.73831670" />
      <trkpt lat="35.63390110" lon="139.73830120" />
      <trkpt lat="35.63388860" lon="139.73828240" />
      <trkpt lat="35.63386890" lon="139.73826190" />
      <trkpt lat="35.63301530" lon="139.73803560" />
      <trkpt lat="35.63248160" lon="139.73792190" />
      <trkpt lat="35.63227890" lon="139.73788160" />
      <trkpt lat="35.63213290" lon="139.73784500" />
      <trkpt lat="35.63211190" lon="139.73785160" />
      <trkpt lat="35.63201020" lon="139.73784380" />
      <trkpt lat="35.63185310" lon="139.73782900" />
      <trkpt lat="35.63169650" lon="139.73781430" />
      <trkpt lat="35.63099420" lon="139.73773580" />
      <trkpt lat="35.63026950" lon="139.73770120" />
      <trkpt lat="35.63011380" lon="139.73769290" />
      <trkpt lat="35.62933420" lon="139.73766410" />
      <trkpt lat="35.62923940" lon="139.73768100" />
      <trkpt lat="35.62921610" lon="139.73768240" />
      <trkpt lat="35.62859370" lon="139.73771870" />
      <trkpt lat="35.62861270" lon="139.73775010" />
      <trkpt lat="35.62865250" lon="139.73784810" />
      <trkpt lat="35.62868970" lon="139.73792830" />
      <trkpt lat="35.62872360" lon="139.73794810" />
      <trkpt lat="35.62880620" lon="139.73794440" />
      <trkpt lat="35.62880860" lon="139.73798470" />
      <trkpt lat="35.62885537" lon="139.73873535" />
      <trkpt lat="35.62885960" lon="139.73880330" />
      <trkpt lat="35.62882050" lon="139.73880400" />
      <trkpt lat="35.62885960" lon="139.73880330" />
      <trkpt lat="35.62885537" lon="139.73873535" />
      <trkpt lat="35.62880860" lon="139.73798470" />
      <trkpt lat="35.62880620" lon="139.73794440" />
      <trkpt lat="35.62872360" lon="139.73794810" />
      <trkpt lat="35.62868970" lon="139.73792830" />
      <trkpt lat="35.62865250" lon="139.73784810" />
      <trkpt lat="35.62861270" lon="139.73775010" />
      <trkpt lat="35.62859370" lon="139.73771870" />
      <trkpt lat="35.62858470" lon="139.73767650" />
      <trkpt lat="35.62859460" lon="139.73760770" />
      <trkpt lat="35.62861530" lon="139.73746400" />
      <trkpt lat="35.62863150" lon="139.73735150" />
      <trkpt lat="35.62811830" lon="139.73738220" />
      <trkpt lat="35.62777260" lon="139.73741460" />
      <trkpt lat="35.62749430" lon="139.73744060" />
      <trkpt lat="35.62734880" lon="139.73745430" />
      <trkpt lat="35.62717190" lon="139.73748300" />
      <trkpt lat="35.62710340" lon="139.73749580" />
      <trkpt lat="35.62686190" lon="139.73754120" />
      <trkpt lat="35.62672190" lon="139.73756760" />
      <trkpt lat="35.62667890" lon="139.73757550" />
      <trkpt lat="35.62664000" lon="139.73730670" />
      <trkpt lat="35.62663350" lon="139.73725370" />
      <trkpt lat="35.62663760" lon="139.73724080" />
      <trkpt lat="35.62676540" lon="139.73709620" />
      <trkpt lat="35.62676440" lon="139.73703860" />
      <trkpt lat="35.62676140" lon="139.73686300" />
      <trkpt lat="35.62674250" lon="139.73639480" />
      <trkpt lat="35.62674200" lon="139.73624480" />
      <trkpt lat="35.62674020" lon="139.73567650" />
      <trkpt lat="35.62676860" lon="139.73520390" />
      <trkpt lat="35.62677780" lon="139.73511490" />
      <trkpt lat="35.62681440" lon="139.73460310" />
      <trkpt lat="35.62685370" lon="139.73409340" />
      <trkpt lat="35.62686020" lon="139.73403180" />
      <trkpt lat="35.62686850" lon="139.73373520" />
      <trkpt lat="35.62687550" lon="139.73335320" />
      <trkpt lat="35.62686010" lon="139.73330050" />
      <trkpt lat="35.62665360" lon="139.73243160" />
      <trkpt lat="35.62664360" lon="139.73238850" />
      <trkpt lat="35.62663380" lon="139.73234270" />
      <trkpt lat="35.62661210" lon="139.73221800" />
      <trkpt lat="35.62653750" lon="139.73178940" />
      <trkpt lat="35.62646110" lon="139.73136000" />
      <trkpt lat="35.62637070" lon="139.73098530" />
      <trkpt lat="35.62630360" lon="139.73100740" />
      <trkpt lat="35.62624190" lon="139.73074580" />
      <trkpt lat="35.62632840" lon="139.73071700" />
      <trkpt lat="35.62635990" lon="139.73069910" />
      <trkpt lat="35.62638190" lon="139.73067020" />
      <trkpt lat="35.62631500" lon="139.73053710" />
      <trkpt lat="35.62622480" lon="139.73032550" />
      <trkpt lat="35.62620020" lon="139.73025760" />
      <trkpt lat="35.62615230" lon="139.73021740" />
      <trkpt lat="35.62602380" lon="139.73019640" />
      <trkpt lat="35.62591280" lon="139.73018500" />
      <trkpt lat="35.62582810" lon="139.73012880" />
      <trkpt lat="35.62578020" lon="139.73005340" />
      <trkpt lat="35.62566530" lon="139.72988870" />
      <trkpt lat="35.62552800" lon="139.72971210" />
      <trkpt lat="35.62538360" lon="139.72954760" />
      <trkpt lat="35.62539630" lon="139.72949830" />
      <trkpt lat="35.62541940" lon="139.72940950" />
      <trkpt lat="35.62543190" lon="139.72935660" />
      <trkpt lat="35.62543990" lon="139.72932280" />
      <trkpt lat="35.62553800" lon="139.72897950" />
      <trkpt lat="35.62554600" lon="139.72894250" />
      <trkpt lat="35.62555580" lon="139.72889720" />
      <trkpt lat="35.62556160" lon="139.72883520" />
      <trkpt lat="35.62548510" lon="139.72883050" />
      <trkpt lat="35.62539120" lon="139.72882490" />
      <trkpt lat="35.62537880" lon="139.72891700" />
      <trkpt lat="35.62511120" lon="139.72891320" />
      <trkpt lat="35.62471500" lon="139.72889410" />
      <trkpt lat="35.62468100" lon="139.72889230" />
      <trkpt lat="35.62380370" lon="139.72884590" />
      <trkpt lat="35.62374060" lon="139.72884480" />
      <trkpt lat="35.62371530" lon="139.72884510" />
      <trkpt lat="35.62362220" lon="139.72884470" />
      <trkpt lat="35.62261280" lon="139.72880170" />
      <trkpt lat="35.62254820" lon="139.72879810" />
      <trkpt lat="35.62252400" lon="139.72879750" />
      <trkpt lat="35.62245460" lon="139.72879540" />
      <trkpt lat="35.62222940" lon="139.72878220" />
      <trkpt lat="35.62218630" lon="139.72876910" />
      <trkpt lat="35.62216990" lon="139.72876340" />
      <trkpt lat="35.62209740" lon="139.72872650" />
      <trkpt lat="35.62201510" lon="139.72866940" />
      <trkpt lat="35.62193860" lon="139.72860670" />
      <trkpt lat="35.62192370" lon="139.72859380" />
      <trkpt lat="35.62187500" lon="139.72863460" />
      <trkpt lat="35.62183640" lon="139.72866880" />
      <trkpt lat="35.62176890" lon="139.72858700" />
      <trkpt lat="35.62170950" lon="139.72851600" />
      <trkpt lat="35.62163670" lon="139.72839560" />
      <trkpt lat="35.62135680" lon="139.72785020" />
      <trkpt lat="35.62132270" lon="139.72784010" />
      <trkpt lat="35.62128500" lon="139.72778510" />
      <trkpt lat="35.62122760" lon="139.72771180" />
      <trkpt lat="35.62119400" lon="139.72775200" />
      <trkpt lat="35.62114090" lon="139.72768380" />
      <trkpt lat="35.62103030" lon="139.72780850" />
      <trkpt lat="35.62079380" lon="139.72797860" />
      <trkpt lat="35.62067390" lon="139.72807900" />
      <trkpt lat="35.62066520" lon="139.72808580" />
      <trkpt lat="35.62034230" lon="139.72833810" />
      <trkpt lat="35.62033810" lon="139.72832940" />
      <trkpt lat="35.62032060" lon="139.72829500" />
      <trkpt lat="35.62025360" lon="139.72834720" />
      <trkpt lat="35.62018700" lon="139.72821270" />
      <trkpt lat="35.62011770" lon="139.72807280" />
      <trkpt lat="35.62009450" lon="139.72808820" />
      <trkpt lat="35.62008010" lon="139.72809780" />
      <trkpt lat="35.62009450" lon="139.72808820" />
      <trkpt lat="35.62011770" lon="139.72807280" />
      <trkpt lat="35.62018700" lon="139.72821270" />
      <trkpt lat="35.62025360" lon="139.72834720" />
      <trkpt lat="35.62032060" lon="139.72829500" />
      <trkpt lat="35.62033810" lon="139.72832940" />
      <trkpt lat="35.62034230" lon="139.72833810" />
      <trkpt lat="35.62066520" lon="139.72808580" />
      <trkpt lat="35.62067390" lon="139.72807900" />
      <trkpt lat="35.62079380" lon="139.72797860" />
      <trkpt lat="35.62103030" lon="139.72780850" />
      <trkpt lat="35.62114090" lon="139.72768380" />
      <trkpt lat="35.62119400" lon="139.72775200" />
      <trkpt lat="35.62122760" lon="139.72771180" />
      <trkpt lat="35.62139880" lon="139.72751940" />
      <trkpt lat="35.62146370" lon="139.72740810" />
      <trkpt lat="35.62151190" lon="139.72732220" />
      <trkpt lat="35.62155420" lon="139.72726050" />
      <trkpt lat="35.62164760" lon="139.72716850" />
      <trkpt lat="35.62253290" lon="139.72650660" />
      <trkpt lat="35.62267160" lon="139.72640620" />
      <trkpt lat="35.62278080" lon="139.72632630" />
      <trkpt lat="35.62285750" lon="139.72628150" />
      <trkpt lat="35.62294510" lon="139.72625010" />
      <trkpt lat="35.62301490" lon="139.72624040" />
      <trkpt lat="35.62304930" lon="139.72623920" />
      <trkpt lat="35.62310050" lon="139.72623800" />
      <trkpt lat="35.62318310" lon="139.72625130" />
      <trkpt lat="35.62324700" lon="139.72627060" />
      <trkpt lat="35.62337880" lon="139.72634690" />
      <trkpt lat="35.62355570" lon="139.72646320" />
      <trkpt lat="35.62381510" lon="139.72598840" />
      <trkpt lat="35.62412230" lon="139.72542590" />
      <trkpt lat="35.62414590" lon="139.72534410" />
      <trkpt lat="35.62414900" lon="139.72531180" />
      <trkpt lat="35.62422220" lon="139.72454290" />
      <trkpt lat="35.62424290" lon="139.72449930" />
      <trkpt lat="35.62425930" lon="139.72446380" />
      <trkpt lat="35.62451110" lon="139.72451210" />
      <trkpt lat="35.62451770" lon="139.72448800" />
      <trkpt lat="35.62455420" lon="139.72445170" />
      <trkpt lat="35.62458470" lon="139.72443740" />
      <trkpt lat="35.62461080" lon="139.72445060" />
      <trkpt lat="35.62464320" lon="139.72446590" />
      <trkpt lat="35.62480800" lon="139.72410320" />
      <trkpt lat="35.62486830" lon="139.72396520" />
      <trkpt lat="35.62495840" lon="139.72375870" />
      <trkpt lat="35.62502930" lon="139.72364960" />
      <trkpt lat="35.62513200" lon="139.72371710" />
      <trkpt lat="35.62515520" lon="139.72366320" />
      <trkpt lat="35.62518890" lon="139.72358340" />
      <trkpt lat="35.62520760" lon="139.72352990" />
      <trkpt lat="35.62532850" lon="139.72360470" />
      <trkpt lat="35.62554900" lon="139.72307840" />
      <trkpt lat="35.62561590" lon="139.72317560" />
      <trkpt lat="35.62596560" lon="139.72281780" />
      <trkpt lat="35.62599200" lon="139.72285710" />
      <trkpt lat="35.62600730" lon="139.72284270" />
      <trkpt lat="35.62601880" lon="139.72285950" />
      <trkpt lat="35.62610870" lon="139.72299460" />
      <trkpt lat="35.62613860" lon="139.72296710" />
      <trkpt lat="35.62618620" lon="139.72292240" />
      <trkpt lat="35.62660690" lon="139.72359300" />
      <trkpt lat="35.62654740" lon="139.72364630" />
      <trkpt lat="35.62649460" lon="139.72364970" />
      <trkpt lat="35.62637990" lon="139.72374240" />
      <trkpt lat="35.62636560" lon="139.72375290" />
      <trkpt lat="35.62635760" lon="139.72375870" />
      <trkpt lat="35.62634850" lon="139.72376540" />
      <trkpt lat="35.62622585" lon="139.72385457" />
      <trkpt lat="35.62616020" lon="139.72390230" />
      <trkpt lat="35.62602950" lon="139.72362850" />
      <trkpt lat="35.62609308" lon="139.72357815" />
      <trkpt lat="35.62602950" lon="139.72362850" />
      <trkpt lat="35.62616020" lon="139.72390230" />
      <trkpt lat="35.62622585" lon="139.72385457" />
      <trkpt lat="35.62634850" lon="139.72376540" />
      <trkpt lat="35.62635760" lon="139.72375870" />
      <trkpt lat="35.62636560" lon="139.72375290" />
      <trkpt lat="35.62637990" lon="139.72374240" />
      <trkpt lat="35.62649460" lon="139.72364970" />
      <trkpt lat="35.62654740" lon="139.72364630" />
      <trkpt lat="35.62660690" lon="139.72359300" />
      <trkpt lat="35.62662990" lon="139.72362960" />
      <trkpt lat="35.62667540" lon="139.72357170" />
      <trkpt lat="35.62673060" lon="139.72351160" />
      <trkpt lat="35.62687010" lon="139.72356650" />
      <trkpt lat="35.62693820" lon="139.72366780" />
      <trkpt lat="35.62702990" lon="139.72380470" />
      <trkpt lat="35.62704670" lon="139.72382980" />
      <trkpt lat="35.62706900" lon="139.72382450" />
      <trkpt lat="35.62700140" lon="139.72370950" />
      <trkpt lat="35.62697050" lon="139.72369350" />
      <trkpt lat="35.62687360" lon="139.72355010" />
      <trkpt lat="35.62682870" lon="139.72350270" />
      <trkpt lat="35.62680450" lon="139.72347140" />
      <trkpt lat="35.62678520" lon="139.72344640" />
      <trkpt lat="35.62675360" lon="139.72340620" />
      <trkpt lat="35.62655360" lon="139.72310340" />
      <trkpt lat="35.62654210" lon="139.72308310" />
      <trkpt lat="35.62656290" lon="139.72306120" />
      <trkpt lat="35.62667560" lon="139.72294280" />
      <trkpt lat="35.62690210" lon="139.72270760" />
      <trkpt lat="35.62704760" lon="139.72255170" />
      <trkpt lat="35.62726150" lon="139.72229990" />
      <trkpt lat="35.62737000" lon="139.72216890" />
      <trkpt lat="35.62744960" lon="139.72205480" />
      <trkpt lat="35.62756270" lon="139.72188860" />
      <trkpt lat="35.62771500" lon="139.72166530" />
      <trkpt lat="35.62775180" lon="139.72161930" />
      <trkpt lat="35.62810070" lon="139.72101830" />
      <trkpt lat="35.62854820" lon="139.72002090" />
      <trkpt lat="35.62865670" lon="139.71979500" />
      <trkpt lat="35.62893610" lon="139.71927400" />
      <trkpt lat="35.62935230" lon="139.71833180" />
      <trkpt lat="35.62956580" lon="139.71790910" />
      <trkpt lat="35.62974240" lon="139.71762210" />
      <trkpt lat="35.62978120" lon="139.71757090" />
      <trkpt lat="35.62989640" lon="139.71741870" />
      <trkpt lat="35.63020380" lon="139.71710080" />
      <trkpt lat="35.63027310" lon="139.71702920" />
      <trkpt lat="35.63062830" lon="139.71669760" />
      <trkpt lat="35.63114700" lon="139.71634890" />
      <trkpt lat="35.63141910" lon="139.71622310" />
      <trkpt lat="35.63189800" lon="139.71604500" />
      <trkpt lat="35.63215850" lon="139.71582920" />
      <trkpt lat="35.63241470" lon="139.71572250" />
      <trkpt lat="35.63257980" lon="139.71564600" />
      <trkpt lat="35.63259980" lon="139.71563550" />
      <trkpt lat="35.63260370" lon="139.71566280" />
      <trkpt lat="35.63281640" lon="139.71555280" />
      <trkpt lat="35.63320560" lon="139.71542310" />
      <trkpt lat="35.63351260" lon="139.71529950" />
      <trkpt lat="35.63353060" lon="139.71529230" />
      <trkpt lat="35.63360680" lon="139.71526210" />
      <trkpt lat="35.63363970" lon="139.71526680" />
      <trkpt lat="35.63366380" lon="139.71532340" />
      <trkpt lat="35.63366250" lon="139.71538790" />
      <trkpt lat="35.63373760" lon="139.71542810" />
      <trkpt lat="35.63381900" lon="139.71546890" />
      <trkpt lat="35.63381660" lon="139.71556240" />
      <trkpt lat="35.63381644" lon="139.71561959" />
      <trkpt lat="35.63381660" lon="139.71556240" />
      <trkpt lat="35.63381900" lon="139.71546890" />
      <trkpt lat="35.63383930" lon="139.71546150" />
      <trkpt lat="35.63386450" lon="139.71545310" />
      <trkpt lat="35.63389115" lon="139.71544843" />
      <trkpt lat="35.63389990" lon="139.71544690" />
      <trkpt lat="35.63391030" lon="139.71533170" />
      <trkpt lat="35.63391930" lon="139.71523570" />
      <trkpt lat="35.63386230" lon="139.71513950" />
      <trkpt lat="35.63392700" lon="139.71469530" />
      <trkpt lat="35.63395010" lon="139.71462040" />
      <trkpt lat="35.63422140" lon="139.71397710" />
      <trkpt lat="35.63436390" lon="139.71363920" />
      <trkpt lat="35.63443630" lon="139.71334760" />
      <trkpt lat="35.63447320" lon="139.71330740" />
      <trkpt lat="35.63452740" lon="139.71331590" />
      <trkpt lat="35.63453970" lon="139.71333470" />
      <trkpt lat="35.63458380" lon="139.71327070" />
      <trkpt lat="35.63461190" lon="139.71322740" />
      <trkpt lat="35.63462910" lon="139.71320850" />
      <trkpt lat="35.63468870" lon="139.71320280" />
      <trkpt lat="35.63470020" lon="139.71328520" />
      <trkpt lat="35.63472110" lon="139.71326380" />
      <trkpt lat="35.63491850" lon="139.71304390" />
      <trkpt lat="35.63528190" lon="139.71286920" />
      <trkpt lat="35.63595350" lon="139.71258150" />
      <trkpt lat="35.63609070" lon="139.71253660" />
      <trkpt lat="35.63642420" lon="139.71245890" />
      <trkpt lat="35.63657680" lon="139.71237030" />
      <trkpt lat="35.63679260" lon="139.71220400" />
      <trkpt lat="35.63697140" lon="139.71203780" />
      <trkpt lat="35.63718940" lon="139.71179190" />
      <trkpt lat="35.63722150" lon="139.71174930" />
      <trkpt lat="35.63745610" lon="139.71140410" />
      <trkpt lat="35.63750760" lon="139.71132700" />
      <trkpt lat="35.63765150" lon="139.71108820" />
      <trkpt lat="35.63766680" lon="139.71097290" />
      <trkpt lat="35.63768490" lon="139.71094110" />
      <trkpt lat="35.63783460" lon="139.71067790" />
      <trkpt lat="35.63804170" lon="139.71067790" />
      <trkpt lat="35.63822260" lon="139.71045790" />
      <trkpt lat="35.63870000" lon="139.71046330" />
      <trkpt lat="35.63889180" lon="139.71022460" />
      <trkpt lat="35.63897470" lon="139.71005290" />
      <trkpt lat="35.63928200" lon="139.70947360" />
      <trkpt lat="35.63946690" lon="139.70979280" />
      <trkpt lat="35.63958220" lon="139.70967790" />
      <trkpt lat="35.63966590" lon="139.70963830" />
      <trkpt lat="35.63988150" lon="139.70948970" />
      <trkpt lat="35.64015830" lon="139.70916780" />
      <trkpt lat="35.64023900" lon="139.70912490" />
      <trkpt lat="35.64026510" lon="139.70913290" />
      <trkpt lat="35.64066840" lon="139.70951380" />
      <trkpt lat="35.64094300" lon="139.70980880" />
      <trkpt lat="35.64067820" lon="139.71026100" />
      <trkpt lat="35.64065180" lon="139.71030600" />
      <trkpt lat="35.64050360" lon="139.71069700" />
      <trkpt lat="35.64068490" lon="139.71079230" />
      <trkpt lat="35.64098170" lon="139.71094820" />
      <trkpt lat="35.64133950" lon="139.71113610" />
      <trkpt lat="35.64135500" lon="139.71109360" />
      <trkpt lat="35.64160350" lon="139.71121970" />
      <trkpt lat="35.64208660" lon="139.71103770" />
      <trkpt lat="35.64210230" lon="139.71103180" />
      <trkpt lat="35.64212650" lon="139.71120530" />
      <trkpt lat="35.64221870" lon="139.71152070" />
      <trkpt lat="35.64224010" lon="139.71162200" />
      <trkpt lat="35.64229610" lon="139.71188690" />
      <trkpt lat="35.64230750" lon="139.71195730" />
      <trkpt lat="35.64232330" lon="139.71205180" />
      <trkpt lat="35.64232850" lon="139.71215330" />
      <trkpt lat="35.64233110" lon="139.71230580" />
      <trkpt lat="35.64270350" lon="139.71206870" />
      <trkpt lat="35.64281210" lon="139.71200960" />
      <trkpt lat="35.64291620" lon="139.71195420" />
      <trkpt lat="35.64295610" lon="139.71193610" />
      <trkpt lat="35.64300990" lon="139.71191320" />
      <trkpt lat="35.64352260" lon="139.71168170" />
      <trkpt lat="35.64380850" lon="139.71153820" />
      <trkpt lat="35.64415580" lon="139.71130560" />
      <trkpt lat="35.64413620" lon="139.71105080" />
      <trkpt lat="35.64412900" lon="139.71071460" />
      <trkpt lat="35.64413000" lon="139.71064620" />
      <trkpt lat="35.64418640" lon="139.71064600" />
      <trkpt lat="35.64487660" lon="139.71054770" />
      <trkpt lat="35.64543390" lon="139.71047130" />
      <trkpt lat="35.64572740" lon="139.71039900" />
      <trkpt lat="35.64590390" lon="139.71028640" />
      <trkpt lat="35.64606520" lon="139.71019790" />
      <trkpt lat="35.64640340" lon="139.70994240" />
      <trkpt lat="35.64677500" lon="139.70975500" />
      <trkpt lat="35.64673710" lon="139.70963280" />
      <trkpt lat="35.64674470" lon="139.70956060" />
      <trkpt lat="35.64679960" lon="139.70954060" />
      <trkpt lat="35.64698420" lon="139.70943290" />
      <trkpt lat="35.64700268" lon="139.70947521" />
      <trkpt lat="35.64698420" lon="139.70943290" />
      <trkpt lat="35.64698637" lon="139.70943164" />
      <trkpt lat="35.64716590" lon="139.70932740" />
      <trkpt lat="35.64733800" lon="139.70922930" />
      <trkpt lat="35.64739500" lon="139.70921960" />
      <trkpt lat="35.64751300" lon="139.70933650" />
      <trkpt lat="35.64755630" lon="139.70927760" />
      <trkpt lat="35.64762560" lon="139.70918340" />
      <trkpt lat="35.64766850" lon="139.70912510" />
      <trkpt lat="35.64769950" lon="139.70915360" />
      <trkpt lat="35.64775020" lon="139.70914260" />
      <trkpt lat="35.64778290" lon="139.70917800" />
      <trkpt lat="35.64781760" lon="139.70921560" />
      <trkpt lat="35.64787280" lon="139.70914260" />
      <trkpt lat="35.64798880" lon="139.70901760" />
      <trkpt lat="35.64801230" lon="139.70901290" />
      <trkpt lat="35.64804530" lon="139.70897910" />
      <trkpt lat="35.64811520" lon="139.70907460" />
      <trkpt lat="35.64866240" lon="139.70878940" />
      <trkpt lat="35.64873490" lon="139.70874240" />
      <trkpt lat="35.64883610" lon="139.70875620" />
      <trkpt lat="35.64920190" lon="139.70854120" />
      <trkpt lat="35.64922860" lon="139.70851290" />
      <trkpt lat="35.64925640" lon="139.70848330" />
      <trkpt lat="35.64930910" lon="139.70845070" />
      <trkpt lat="35.64933300" lon="139.70843590" />
      <trkpt lat="35.64981060" lon="139.70820470" />
      <trkpt lat="35.64989650" lon="139.70816100" />
      <trkpt lat="35.65046340" lon="139.70784340" />
      <trkpt lat="35.65068980" lon="139.70770130" />
      <trkpt lat="35.65071900" lon="139.70769020" />
      <trkpt lat="35.65076250" lon="139.70767370" />
      <trkpt lat="35.65079760" lon="139.70766040" />
      <trkpt lat="35.65080950" lon="139.70770030" />
      <trkpt lat="35.65091370" lon="139.70790730" />
      <trkpt lat="35.65094070" lon="139.70793110" />
      <trkpt lat="35.65096710" lon="139.70798540" />
      <trkpt lat="35.65123080" lon="139.70780040" />
      <trkpt lat="35.65152620" lon="139.70756510" />
      <trkpt lat="35.65167540" lon="139.70741870" />
      <trkpt lat="35.65188580" lon="139.70721940" />
      <trkpt lat="35.65197080" lon="139.70714280" />
      <trkpt lat="35.65209520" lon="139.70703050" />
      <trkpt lat="35.65217630" lon="139.70695740" />
      <trkpt lat="35.65244880" lon="139.70672400" />
      <trkpt lat="35.65339610" lon="139.70596250" />
      <trkpt lat="35.65384850" lon="139.70554870" />
      <trkpt lat="35.65389330" lon="139.70550050" />
      <trkpt lat="35.65400310" lon="139.70541950" />
      <trkpt lat="35.65404600" lon="139.70544920" />
      <trkpt lat="35.65407350" lon="139.70542770" />
      <trkpt lat="35.65520620" lon="139.70475760" />
      <trkpt lat="35.65522640" lon="139.70474520" />
      <trkpt lat="35.65549360" lon="139.70458250" />
      <trkpt lat="35.65576540" lon="139.70434840" />
      <trkpt lat="35.65578980" lon="139.70434740" />
      <trkpt lat="35.65580520" lon="139.70435300" />
      <trkpt lat="35.65585330" lon="139.70431940" />
      <trkpt lat="35.65591540" lon="139.70427890" />
      <trkpt lat="35.65591950" lon="139.70429730" />
      <trkpt lat="35.65622720" lon="139.70455430" />
      <trkpt lat="35.65625100" lon="139.70457190" />
      <trkpt lat="35.65627820" lon="139.70459650" />
      <trkpt lat="35.65631280" lon="139.70462970" />
      <trkpt lat="35.65647760" lon="139.70478630" />
      <trkpt lat="35.65648470" lon="139.70477490" />
      <trkpt lat="35.65653110" lon="139.70469650" />
      <trkpt lat="35.65663750" lon="139.70457640" />
      <trkpt lat="35.65694780" lon="139.70417150" />
      <trkpt lat="35.65697270" lon="139.70414080" />
      <trkpt lat="35.65752330" lon="139.70354980" />
      <trkpt lat="35.65770890" lon="139.70331470" />
      <trkpt lat="35.65779680" lon="139.70322100" />
      <trkpt lat="35.65785870" lon="139.70314640" />
      <trkpt lat="35.65788090" lon="139.70307580" />
      <trkpt lat="35.65807410" lon="139.70284320" />
      <trkpt lat="35.65811760" lon="139.70280950" />
      <trkpt lat="35.65815060" lon="139.70278890" />
      <trkpt lat="35.65817990" lon="139.70277200" />
      <trkpt lat="35.65816630" lon="139.70268510" />
      <trkpt lat="35.65814000" lon="139.70259500" />
      <trkpt lat="35.65866550" lon="139.70232240" />
      <trkpt lat="35.65863320" lon="139.70220430" />
      <trkpt lat="35.65851950" lon="139.70184050" />
      <trkpt lat="35.65850740" lon="139.70180190" />
      <trkpt lat="35.65850390" lon="139.70179060" />
      <trkpt lat="35.65850030" lon="139.70177900" />
      <trkpt lat="35.65847420" lon="139.70179160" />
      <trkpt lat="35.65845190" lon="139.70180350" />
      <trkpt lat="35.65844090" lon="139.70176420" />
      <trkpt lat="35.65834510" lon="139.70180850" />
      <trkpt lat="35.65832460" lon="139.70173940" />
      <trkpt lat="35.65822270" lon="139.70178630" />
      <trkpt lat="35.65814746" lon="139.70155355" />
      <trkpt lat="35.65814690" lon="139.70155180" />
      <trkpt lat="35.65806860" lon="139.70159020" />
      <trkpt lat="35.65803890" lon="139.70160620" />
      <trkpt lat="35.65802404" lon="139.70161412" />
      <trkpt lat="35.65803890" lon="139.70160620" />
      <trkpt lat="35.65806860" lon="139.70159020" />
      <trkpt lat="35.65814690" lon="139.70155180" />
      <trkpt lat="35.65842610" lon="139.70142520" />
      <trkpt lat="35.65837750" lon="139.70127000" />
      <trkpt lat="35.65822430" lon="139.70075140" />
      <trkpt lat="35.65833740" lon="139.70072700" />
      <trkpt lat="35.65840340" lon="139.70067750" />
      <trkpt lat="35.65844360" lon="139.70062060" />
      <trkpt lat="35.65849730" lon="139.70057970" />
      <trkpt lat="35.65857710" lon="139.70054660" />
      <trkpt lat="35.65877070" lon="139.70049850" />
      <trkpt lat="35.65889710" lon="139.70049450" />
      <trkpt lat="35.65895340" lon="139.70049740" />
      <trkpt lat="35.65930810" lon="139.70062080" />
      <trkpt lat="35.65933770" lon="139.70063230" />
      <trkpt lat="35.65935680" lon="139.70064710" />
      <trkpt lat="35.65936740" lon="139.70066370" />
      <trkpt lat="35.65937310" lon="139.70067990" />
      <trkpt lat="35.65937800" lon="139.70069800" />
      <trkpt lat="35.65938020" lon="139.70071210" />
      <trkpt lat="35.65937600" lon="139.70075190" />
      <trkpt lat="35.65938740" lon="139.70075380" />
      <trkpt lat="35.65946680" lon="139.70076780" />
      <trkpt lat="35.65953410" lon="139.70077970" />
      <trkpt lat="35.65960610" lon="139.70073170" />
      <trkpt lat="35.65962820" lon="139.70074000" />
      <trkpt lat="35.65964050" lon="139.70074460" />
      <trkpt lat="35.65968410" lon="139.70076090" />
      <trkpt lat="35.66030390" lon="139.70091880" />
      <trkpt lat="35.66032700" lon="139.70092260" />
      <trkpt lat="35.66041240" lon="139.70092910" />
      <trkpt lat="35.66054750" lon="139.70093190" />
      <trkpt lat="35.66059410" lon="139.70093130" />
      <trkpt lat="35.66097690" lon="139.70091730" />
      <trkpt lat="35.66108580" lon="139.70091480" />
      <trkpt lat="35.66110550" lon="139.70091470" />
      <trkpt lat="35.66112860" lon="139.70091450" />
      <trkpt lat="35.66129330" lon="139.70091350" />
      <trkpt lat="35.66204380" lon="139.70092910" />
      <trkpt lat="35.66206570" lon="139.70093430" />
      <trkpt lat="35.66208120" lon="139.70094840" />
      <trkpt lat="35.66209230" lon="139.70096950" />
      <trkpt lat="35.66218090" lon="139.70097210" />
      <trkpt lat="35.66224210" lon="139.70097390" />
      <trkpt lat="35.66225770" lon="139.70094760" />
      <trkpt lat="35.66227750" lon="139.70092880" />
      <trkpt lat="35.66229770" lon="139.70091800" />
      <trkpt lat="35.66232580" lon="139.70091890" />
      <trkpt lat="35.66258930" lon="139.70091710" />
      <trkpt lat="35.66267290" lon="139.70092300" />
      <trkpt lat="35.66280620" lon="139.70093830" />
      <trkpt lat="35.66285690" lon="139.70095210" />
      <trkpt lat="35.66290130" lon="139.70096610" />
      <trkpt lat="35.66295240" lon="139.70098860" />
      <trkpt lat="35.66300170" lon="139.70102130" />
      <trkpt lat="35.66305900" lon="139.70106010" />
      <trkpt lat="35.66310540" lon="139.70111010" />
      <trkpt lat="35.66315270" lon="139.70116090" />
      <trkpt lat="35.66318940" lon="139.70120780" />
      <trkpt lat="35.66325270" lon="139.70113830" />
      <trkpt lat="35.66331560" lon="139.70107390" />
      <trkpt lat="35.66338230" lon="139.70114580" />
      <trkpt lat="35.66341580" lon="139.70117070" />
      <trkpt lat="35.66347320" lon="139.70118930" />
      <trkpt lat="35.66353710" lon="139.70119870" />
      <trkpt lat="35.66362010" lon="139.70120850" />
      <trkpt lat="35.66409060" lon="139.70125470" />
      <trkpt lat="35.66420050" lon="139.70128780" />
      <trkpt lat="35.66448450" lon="139.70132100" />
      <trkpt lat="35.66450230" lon="139.70131470" />
      <trkpt lat="35.66451830" lon="139.70132700" />
      <trkpt lat="35.66455830" lon="139.70133330" />
      <trkpt lat="35.66461470" lon="139.70134110" />
      <trkpt lat="35.66462470" lon="139.70132200" />
      <trkpt lat="35.66463780" lon="139.70133170" />
      <trkpt lat="35.66465080" lon="139.70133660" />
      <trkpt lat="35.66513140" lon="139.70140600" />
      <trkpt lat="35.66589870" lon="139.70161070" />
      <trkpt lat="35.66610720" lon="139.70164310" />
      <trkpt lat="35.66654390" lon="139.70168690" />
      <trkpt lat="35.66657530" lon="139.70167000" />
      <trkpt lat="35.66663240" lon="139.70159450" />
      <trkpt lat="35.66662600" lon="139.70153770" />
      <trkpt lat="35.66670030" lon="139.70153130" />
      <trkpt lat="35.66677720" lon="139.70152510" />
      <trkpt lat="35.66678250" lon="139.70158440" />
      <trkpt lat="35.66686510" lon="139.70168130" />
      <trkpt lat="35.66688050" lon="139.70168940" />
      <trkpt lat="35.66744150" lon="139.70173770" />
      <trkpt lat="35.66809520" lon="139.70180330" />
      <trkpt lat="35.66837430" lon="139.70182820" />
      <trkpt lat="35.66875680" lon="139.70189860" />
      <trkpt lat="35.66881290" lon="139.70190630" />
      <trkpt lat="35.66883500" lon="139.70189870" />
      <trkpt lat="35.66887770" lon="139.70183880" />
      <trkpt lat="35.66898350" lon="139.70192840" />
      <trkpt lat="35.66918450" lon="139.70180690" />
      <trkpt lat="35.66923770" lon="139.70193410" />
      <trkpt lat="35.66926220" lon="139.70194180" />
      <trkpt lat="35.66930080" lon="139.70203460" />
      <trkpt lat="35.66964040" lon="139.70208670" />
      <trkpt lat="35.66965640" lon="139.70208910" />
      <trkpt lat="35.66970530" lon="139.70210540" />
      <trkpt lat="35.66979600" lon="139.70213650" />
      <trkpt lat="35.66984600" lon="139.70217760" />
      <trkpt lat="35.66999890" lon="139.70228280" />
      <trkpt lat="35.66999860" lon="139.70229160" />
      <trkpt lat="35.66999800" lon="139.70230870" />
      <trkpt lat="35.66999041" lon="139.70241350" />
      <trkpt lat="35.66998430" lon="139.70249780" />
      <trkpt lat="35.67012160" lon="139.70253000" />
      <trkpt lat="35.67014550" lon="139.70247950" />
      <trkpt lat="35.67016630" lon="139.70243730" />
      <trkpt lat="35.67016832" lon="139.70243324" />
      <trkpt lat="35.67019840" lon="139.70237270" />
      <trkpt lat="35.67064200" lon="139.70243930" />
      <trkpt lat="35.67070230" lon="139.70245090" />
      <trkpt lat="35.67069590" lon="139.70249780" />
      <trkpt lat="35.67069320" lon="139.70251720" />
      <trkpt lat="35.67077540" lon="139.70253470" />
      <trkpt lat="35.67077200" lon="139.70255910" />
      <trkpt lat="35.67090930" lon="139.70259090" />
      <trkpt lat="35.67096070" lon="139.70260100" />
      <trkpt lat="35.67105960" lon="139.70262040" />
      <trkpt lat="35.67145570" lon="139.70270460" />
      <trkpt lat="35.67163400" lon="139.70274540" />
      <trkpt lat="35.67163830" lon="139.70272180" />
      <trkpt lat="35.67168410" lon="139.70273380" />
      <trkpt lat="35.67165240" lon="139.70290780" />
      <trkpt lat="35.67164670" lon="139.70293950" />
      <trkpt lat="35.67164550" lon="139.70294580" />
      <trkpt lat="35.67164210" lon="139.70296450" />
      <trkpt lat="35.67170100" lon="139.70297900" />
      <trkpt lat="35.67175690" lon="139.70299270" />
      <trkpt lat="35.67179560" lon="139.70298960" />
      <trkpt lat="35.67193010" lon="139.70302910" />
      <trkpt lat="35.67204300" lon="139.70307120" />
      <trkpt lat="35.67247830" lon="139.70330080" />
      <trkpt lat="35.67287430" lon="139.70344050" />
      <trkpt lat="35.67288460" lon="139.70347510" />
      <trkpt lat="35.67289730" lon="139.70352140" />
      <trkpt lat="35.67291610" lon="139.70359080" />
      <trkpt lat="35.67292200" lon="139.70361250" />
      <trkpt lat="35.67292600" lon="139.70360760" />
      <trkpt lat="35.67293550" lon="139.70360030" />
      <trkpt lat="35.67294640" lon="139.70359660" />
      <trkpt lat="35.67295930" lon="139.70359650" />
      <trkpt lat="35.67363730" lon="139.70381120" />
      <trkpt lat="35.67372590" lon="139.70397990" />
      <trkpt lat="35.67385180" lon="139.70421620" />
      <trkpt lat="35.67430690" lon="139.70437790" />
      <trkpt lat="35.67434200" lon="139.70437590" />
      <trkpt lat="35.67471040" lon="139.70447200" />
      <trkpt lat="35.67472480" lon="139.70448000" />
      <trkpt lat="35.67473580" lon="139.70449320" />
      <trkpt lat="35.67480140" lon="139.70464500" />
      <trkpt lat="35.67502280" lon="139.70454550" />
      <trkpt lat="35.67514050" lon="139.70457690" />
      <trkpt lat="35.67526610" lon="139.70458780" />
      <trkpt lat="35.67528390" lon="139.70460490" />
      <trkpt lat="35.67529980" lon="139.70467520" />
      <trkpt lat="35.67533810" lon="139.70479980" />
      <trkpt lat="35.67590440" lon="139.70473290" />
      <trkpt lat="35.67628910" lon="139.70464760" />
      <trkpt lat="35.67668320" lon="139.70454890" />
      <trkpt lat="35.67675820" lon="139.70500560" />
      <trkpt lat="35.67811390" lon="139.70469780" />
      <trkpt lat="35.67818920" lon="139.70516220" />
      <trkpt lat="35.67821100" lon="139.70514040" />
      <trkpt lat="35.67822890" lon="139.70511200" />
      <trkpt lat="35.67833280" lon="139.70487530" />
      <trkpt lat="35.67845330" lon="139.70470110" />
      <trkpt lat="35.67857410" lon="139.70445580" />
      <trkpt lat="35.67868840" lon="139.70429750" />
      <trkpt lat="35.67895180" lon="139.70401420" />
      <trkpt lat="35.67900060" lon="139.70391190" />
      <trkpt lat="35.67902790" lon="139.70388490" />
      <trkpt lat="35.67934630" lon="139.70380920" />
      <trkpt lat="35.68014750" lon="139.70362260" />
      <trkpt lat="35.68014230" lon="139.70358880" />
      <trkpt lat="35.68013800" lon="139.70355660" />
      <trkpt lat="35.68009440" lon="139.70328030" />
      <trkpt lat="35.68008630" lon="139.70322810" />
      <trkpt lat="35.68009660" lon="139.70322530" />
      <trkpt lat="35.68015240" lon="139.70321370" />
      <trkpt lat="35.68019570" lon="139.70320390" />
      <trkpt lat="35.68022080" lon="139.70320060" />
      <trkpt lat="35.68023500" lon="139.70314630" />
      <trkpt lat="35.68024700" lon="139.70311410" />
      <trkpt lat="35.68037540" lon="139.70305770" />
      <trkpt lat="35.68041460" lon="139.70302350" />
      <trkpt lat="35.68042990" lon="139.70304430" />
      <trkpt lat="35.68118680" lon="139.70287190" />
      <trkpt lat="35.68229460" lon="139.70252980" />
      <trkpt lat="35.68250040" lon="139.70246570" />
      <trkpt lat="35.68257520" lon="139.70237290" />
      <trkpt lat="35.68280230" lon="139.70209210" />
      <trkpt lat="35.68282520" lon="139.70211850" />
      <trkpt lat="35.68284330" lon="139.70212950" />
      <trkpt lat="35.68286510" lon="139.70216370" />
      <trkpt lat="35.68290210" lon="139.70213580" />
      <trkpt lat="35.68293310" lon="139.70211230" />
      <trkpt lat="35.68294780" lon="139.70211050" />
      <trkpt lat="35.68302200" lon="139.70208670" />
      <trkpt lat="35.68305960" lon="139.70216520" />
      <trkpt lat="35.68302200" lon="139.70208670" />
      <trkpt lat="35.68297670" lon="139.70198120" />
      <trkpt lat="35.68297010" lon="139.70197350" />
      <trkpt lat="35.68297270" lon="139.70184910" />
      <trkpt lat="35.68307650" lon="139.70186700" />
      <trkpt lat="35.68309250" lon="139.70189320" />
      <trkpt lat="35.68306750" lon="139.70191130" />
      <trkpt lat="35.68301330" lon="139.70187200" />
      <trkpt lat="35.68290850" lon="139.70170220" />
      <trkpt lat="35.68348500" lon="139.70154850" />
      <trkpt lat="35.68391240" lon="139.70143460" />
      <trkpt lat="35.68394630" lon="139.70165600" />
      <trkpt lat="35.68399200" lon="139.70164430" />
      <trkpt lat="35.68398700" lon="139.70159920" />
      <trkpt lat="35.68398450" lon="139.70157620" />
      <trkpt lat="35.68451330" lon="139.70145130" />
      <trkpt lat="35.68456270" lon="139.70143450" />
      <trkpt lat="35.68475390" lon="139.70136960" />
      <trkpt lat="35.68522610" lon="139.70122040" />
      <trkpt lat="35.68538450" lon="139.70115560" />
      <trkpt lat="35.68548390" lon="139.70110480" />
      <trkpt lat="35.68563820" lon="139.70093390" />
      <trkpt lat="35.68563690" lon="139.70090490" />
      <trkpt lat="35.68568130" lon="139.70085540" />
      <trkpt lat="35.68571970" lon="139.70081260" />
      <trkpt lat="35.68575330" lon="139.70077510" />
      <trkpt lat="35.68579870" lon="139.70072440" />
      <trkpt lat="35.68586280" lon="139.70065290" />
      <trkpt lat="35.68588450" lon="139.70064840" />
      <trkpt lat="35.68591250" lon="139.70062590" />
      <trkpt lat="35.68594590" lon="139.70058080" />
      <trkpt lat="35.68600900" lon="139.70048630" />
      <trkpt lat="35.68633430" lon="139.70009570" />
      <trkpt lat="35.68660620" lon="139.69988820" />
      <trkpt lat="35.68677000" lon="139.69977380" />
      <trkpt lat="35.68694140" lon="139.69969050" />
      <trkpt lat="35.68710180" lon="139.69961260" />
      <trkpt lat="35.68714990" lon="139.69958920" />
      <trkpt lat="35.68845000" lon="139.69911480" />
      <trkpt lat="35.68849840" lon="139.69912280" />
      <trkpt lat="35.68854280" lon="139.69922510" />
      <trkpt lat="35.68862470" lon="139.69920950" />
      <trkpt lat="35.68874570" lon="139.69918500" />
      <trkpt lat="35.68879350" lon="139.69917770" />
      <trkpt lat="35.68884390" lon="139.69916810" />
      <trkpt lat="35.68887910" lon="139.69924670" />
      <trkpt lat="35.68902780" lon="139.69957820" />
      <trkpt lat="35.68906740" lon="139.69966650" />
      <trkpt lat="35.68907280" lon="139.69968610" />
      <trkpt lat="35.68912530" lon="139.69987760" />
      <trkpt lat="35.68913710" lon="139.69992060" />
      <trkpt lat="35.68916770" lon="139.70006650" />
      <trkpt lat="35.68921480" lon="139.70033080" />
      <trkpt lat="35.68926850" lon="139.70031630" />
      <trkpt lat="35.68936040" lon="139.70029250" />
      <trkpt lat="35.68942120" lon="139.70027810" />
      <trkpt lat="35.68946000" lon="139.70026980" />
      <trkpt lat="35.68948550" lon="139.70041560" />
      <trkpt lat="35.68951260" lon="139.70057060" />
      <trkpt lat="35.68954840" lon="139.70077520" />
      <trkpt lat="35.68959710" lon="139.70077860" />
      <trkpt lat="35.68972230" lon="139.70076280" />
      <trkpt lat="35.68973080" lon="139.70075230" />
      <trkpt lat="35.68972800" lon="139.70071040" />
      <trkpt lat="35.69018690" lon="139.70066550" />
      <trkpt lat="35.69064350" lon="139.70062180" />
      <trkpt lat="35.69087030" lon="139.70059820" />
      <trkpt lat="35.69101700" lon="139.70058250" />
      <trkpt lat="35.69122060" lon="139.70055590" />
      <trkpt lat="35.69101700" lon="139.70058250" />
      <trkpt lat="35.69087030" lon="139.70059820" />
      <trkpt lat="35.69085900" lon="139.70063200" />
      <trkpt lat="35.69062310" lon="139.70066140" />
      <trkpt lat="35.69059210" lon="139.70052120" />
      <trkpt lat="35.69052630" lon="139.70031890" />
      <trkpt lat="35.69046560" lon="139.70013090" />
      <trkpt lat="35.69042970" lon="139.70002150" />
      <trkpt lat="35.69041190" lon="139.69996440" />
      <trkpt lat="35.69039200" lon="139.69990060" />
      <trkpt lat="35.69032700" lon="139.69990800" />
      <trkpt lat="35.69021340" lon="139.69995270" />
      <trkpt lat="35.69020280" lon="139.69982560" />
      <trkpt lat="35.69019110" lon="139.69970350" />
      <trkpt lat="35.69031360" lon="139.69968550" />
      <trkpt lat="35.69045140" lon="139.69966690" />
      <trkpt lat="35.69044880" lon="139.69964210" />
      <trkpt lat="35.69059100" lon="139.69962120" />
      <trkpt lat="35.69068090" lon="139.69959360" />
      <trkpt lat="35.69086140" lon="139.69956900" />
      <trkpt lat="35.69100990" lon="139.69955090" />
      <trkpt lat="35.69105240" lon="139.69925830" />
      <trkpt lat="35.69106410" lon="139.69918360" />
      <trkpt lat="35.69152180" lon="139.69918880" />
      <trkpt lat="35.69178600" lon="139.69918760" />
      <trkpt lat="35.69199360" lon="139.69934080" />
      <trkpt lat="35.69209630" lon="139.69941300" />
      <trkpt lat="35.69216250" lon="139.69944060" />
      <trkpt lat="35.69221300" lon="139.69945070" />
      <trkpt lat="35.69225130" lon="139.69944920" />
      <trkpt lat="35.69230080" lon="139.69944180" />
      <trkpt lat="35.69239250" lon="139.69942970" />
      <trkpt lat="35.69261690" lon="139.69939840" />
      <trkpt lat="35.69263380" lon="139.69939630" />
      <trkpt lat="35.69266990" lon="139.69939160" />
      <trkpt lat="35.69271840" lon="139.69938540" />
      <trkpt lat="35.69273000" lon="139.69938370" />
      <trkpt lat="35.69306750" lon="139.69933350" />
      <trkpt lat="35.69320150" lon="139.69931500" />
      <trkpt lat="35.69326930" lon="139.69930400" />
      <trkpt lat="35.69329680" lon="139.69929950" />
      <trkpt lat="35.69339980" lon="139.69927130" />
      <trkpt lat="35.69342970" lon="139.69932340" />
      <trkpt lat="35.69342900" lon="139.69939730" />
      <trkpt lat="35.69346820" lon="139.69939280" />
      <trkpt lat="35.69353270" lon="139.69938540" />
      <trkpt lat="35.69359060" lon="139.69937760" />
      <trkpt lat="35.69367450" lon="139.69936660" />
      <trkpt lat="35.69371790" lon="139.69936090" />
      <trkpt lat="35.69377580" lon="139.69935310" />
      <trkpt lat="35.69380890" lon="139.69934870" />
      <trkpt lat="35.69382180" lon="139.69953830" />
      <trkpt lat="35.69492860" lon="139.69912940" />
      <trkpt lat="35.69518430" lon="139.69908370" />
      <trkpt lat="35.69548020" lon="139.69908690" />
      <trkpt lat="35.69574900" lon="139.69912160" />
      <trkpt lat="35.69602670" lon="139.69917990" />
      <trkpt lat="35.69628530" lon="139.69917760" />
      <trkpt lat="35.69646880" lon="139.69917530" />
      <trkpt lat="35.69693480" lon="139.69908220" />
      <trkpt lat="35.69743610" lon="139.69893950" />
      <trkpt lat="35.69793280" lon="139.69877000" />
      <trkpt lat="35.69793410" lon="139.69883070" />
      <trkpt lat="35.69786440" lon="139.69885550" />
      <trkpt lat="35.69786000" lon="139.69883540" />
      <trkpt lat="35.69822490" lon="139.69870000" />
      <trkpt lat="35.69822810" lon="139.69872280" />
      <trkpt lat="35.69817740" lon="139.69874820" />
      <trkpt lat="35.69818220" lon="139.69902330" />
      <trkpt lat="35.69818740" lon="139.69932960" />
      <trkpt lat="35.69819130" lon="139.69955630" />
      <trkpt lat="35.69890730" lon="139.69956060" />
      <trkpt lat="35.69970950" lon="139.69962690" />
      <trkpt lat="35.69970780" lon="139.69966830" />
      <trkpt lat="35.70081640" lon="139.69990040" />
      <trkpt lat="35.70139603" lon="139.69992090" />
      <trkpt lat="35.70144420" lon="139.69992260" />
      <trkpt lat="35.70142720" lon="139.70004950" />
      <trkpt lat="35.70139301" lon="139.70005138" />
      <trkpt lat="35.70142720" lon="139.70004950" />
      <trkpt lat="35.70147660" lon="139.70006320" />
      <trkpt lat="35.70153630" lon="139.70006110" />
      <trkpt lat="35.70153398" lon="139.70007889" />
      <trkpt lat="35.70152260" lon="139.70016610" />
      <trkpt lat="35.70150070" lon="139.70066830" />
      <trkpt lat="35.70151630" lon="139.70074320" />
      <trkpt lat="35.70151090" lon="139.70083200" />
      <trkpt lat="35.70150810" lon="139.70092090" />
      <trkpt lat="35.70155460" lon="139.70090720" />
      <trkpt lat="35.70252880" lon="139.70099780" />
      <trkpt lat="35.70252800" lon="139.70101600" />
      <trkpt lat="35.70252460" lon="139.70109500" />
      <trkpt lat="35.70252100" lon="139.70118080" />
      <trkpt lat="35.70251980" lon="139.70120710" />
      <trkpt lat="35.70261460" lon="139.70121340" />
      <trkpt lat="35.70260590" lon="139.70147770" />
      <trkpt lat="35.70289460" lon="139.70149660" />
      <trkpt lat="35.70302530" lon="139.70150520" />
      <trkpt lat="35.70301440" lon="139.70176090" />
      <trkpt lat="35.70356150" lon="139.70180360" />
      <trkpt lat="35.70406170" lon="139.70184270" />
      <trkpt lat="35.70407930" lon="139.70153240" />
      <trkpt lat="35.70413270" lon="139.70153800" />
      <trkpt lat="35.70440590" lon="139.70156690" />
      <trkpt lat="35.70443100" lon="139.70156950" />
      <trkpt lat="35.70447010" lon="139.70157320" />
      <trkpt lat="35.70478060" lon="139.70160260" />
      <trkpt lat="35.70516990" lon="139.70171370" />
      <trkpt lat="35.70570140" lon="139.70203110" />
      <trkpt lat="35.70584170" lon="139.70211490" />
      <trkpt lat="35.70646760" lon="139.70249480" />
      <trkpt lat="35.70680920" lon="139.70270210" />
      <trkpt lat="35.70701500" lon="139.70250300" />
      <trkpt lat="35.70741590" lon="139.70241940" />
      <trkpt lat="35.70806650" lon="139.70254750" />
      <trkpt lat="35.70808280" lon="139.70251730" />
      <trkpt lat="35.70815670" lon="139.70254260" />
      <trkpt lat="35.70816620" lon="139.70250310" />
      <trkpt lat="35.70849720" lon="139.70261750" />
      <trkpt lat="35.70855570" lon="139.70263860" />
      <trkpt lat="35.70860910" lon="139.70266760" />
      <trkpt lat="35.70868420" lon="139.70273030" />
      <trkpt lat="35.70884760" lon="139.70291040" />
      <trkpt lat="35.70913500" lon="139.70325160" />
      <trkpt lat="35.70915680" lon="139.70316680" />
      <trkpt lat="35.70918610" lon="139.70305230" />
      <trkpt lat="35.70921390" lon="139.70305500" />
      <trkpt lat="35.70925320" lon="139.70309680" />
      <trkpt lat="35.70937870" lon="139.70323030" />
      <trkpt lat="35.70940690" lon="139.70326040" />
      <trkpt lat="35.70943530" lon="139.70314960" />
      <trkpt lat="35.70950250" lon="139.70284980" />
      <trkpt lat="35.70967810" lon="139.70290030" />
      <trkpt lat="35.70989690" lon="139.70298260" />
      <trkpt lat="35.71035110" lon="139.70317170" />
      <trkpt lat="35.71099430" lon="139.70340780" />
      <trkpt lat="35.71100550" lon="139.70341180" />
      <trkpt lat="35.71143840" lon="139.70359440" />
      <trkpt lat="35.71151290" lon="139.70361650" />
      <trkpt lat="35.71185860" lon="139.70378900" />
      <trkpt lat="35.71190470" lon="139.70381580" />
      <trkpt lat="35.71192670" lon="139.70382750" />
      <trkpt lat="35.71231870" lon="139.70402070" />
      <trkpt lat="35.71222160" lon="139.70441190" />
      <trkpt lat="35.71225880" lon="139.70442850" />
      <trkpt lat="35.71228850" lon="139.70446320" />
      <trkpt lat="35.71276370" lon="139.70463680" />
      <trkpt lat="35.71281050" lon="139.70464200" />
      <trkpt lat="35.71282570" lon="139.70464370" />
      <trkpt lat="35.71286710" lon="139.70460560" />
      <trkpt lat="35.71289930" lon="139.70455460" />
      <trkpt lat="35.71296620" lon="139.70441980" />
      <trkpt lat="35.71289830" lon="139.70439620" />
      <trkpt lat="35.71275970" lon="139.70433740" />
      <trkpt lat="35.71281950" lon="139.70411290" />
      <trkpt lat="35.71282150" lon="139.70410250" />
      <trkpt lat="35.71273670" lon="139.70406620" />
      <trkpt lat="35.71274050" lon="139.70405290" />
      <trkpt lat="35.71263508" lon="139.70400720" />
      <trkpt lat="35.71249320" lon="139.70394570" />
      <trkpt lat="35.71251100" lon="139.70387440" />
      <trkpt lat="35.71251730" lon="139.70383910" />
      <trkpt lat="35.71258540" lon="139.70386560" />
      <trkpt lat="35.71265340" lon="139.70389210" />
      <trkpt lat="35.71266316" lon="139.70384474" />
      <trkpt lat="35.71265340" lon="139.70389210" />
      <trkpt lat="35.71258540" lon="139.70386560" />
      <trkpt lat="35.71251730" lon="139.70383910" />
      <trkpt lat="35.71251100" lon="139.70387440" />
      <trkpt lat="35.71249320" lon="139.70394570" />
      <trkpt lat="35.71263508" lon="139.70400720" />
      <trkpt lat="35.71274050" lon="139.70405290" />
      <trkpt lat="35.71273670" lon="139.70406620" />
      <trkpt lat="35.71282150" lon="139.70410250" />
      <trkpt lat="35.71281950" lon="139.70411290" />
      <trkpt lat="35.71275970" lon="139.70433740" />
      <trkpt lat="35.71289830" lon="139.70439620" />
      <trkpt lat="35.71296620" lon="139.70441980" />
      <trkpt lat="35.71301900" lon="139.70437590" />
      <trkpt lat="35.71312740" lon="139.70432310" />
      <trkpt lat="35.71341930" lon="139.70450850" />
      <trkpt lat="35.71345220" lon="139.70453270" />
      <trkpt lat="35.71348190" lon="139.70455450" />
      <trkpt lat="35.71351860" lon="139.70454650" />
      <trkpt lat="35.71353890" lon="139.70451520" />
      <trkpt lat="35.71355810" lon="139.70447890" />
      <trkpt lat="35.71361240" lon="139.70435730" />
      <trkpt lat="35.71364960" lon="139.70421180" />
      <trkpt lat="35.71366250" lon="139.70416140" />
      <trkpt lat="35.71368000" lon="139.70405280" />
      <trkpt lat="35.71370520" lon="139.70395200" />
      <trkpt lat="35.71372100" lon="139.70388870" />
      <trkpt lat="35.71372670" lon="139.70386580" />
      <trkpt lat="35.71373070" lon="139.70384990" />
      <trkpt lat="35.71383490" lon="139.70390250" />
      <trkpt lat="35.71388750" lon="139.70391330" />
      <trkpt lat="35.71390370" lon="139.70391390" />
      <trkpt lat="35.71393620" lon="139.70389940" />
      <trkpt lat="35.71407180" lon="139.70380370" />
      <trkpt lat="35.71421810" lon="139.70366890" />
      <trkpt lat="35.71434670" lon="139.70350340" />
      <trkpt lat="35.71439260" lon="139.70343550" />
      <trkpt lat="35.71445770" lon="139.70332960" />
      <trkpt lat="35.71447630" lon="139.70330200" />
      <trkpt lat="35.71452500" lon="139.70322980" />
      <trkpt lat="35.71475760" lon="139.70336590" />
      <trkpt lat="35.71477970" lon="139.70336970" />
      <trkpt lat="35.71492350" lon="139.70339590" />
      <trkpt lat="35.71493880" lon="139.70339980" />
      <trkpt lat="35.71536600" lon="139.70331800" />
      <trkpt lat="35.71547600" lon="139.70329690" />
      <trkpt lat="35.71606950" lon="139.70326520" />
      <trkpt lat="35.71610520" lon="139.70326440" />
      <trkpt lat="35.71620340" lon="139.70326920" />
      <trkpt lat="35.71622880" lon="139.70327050" />
      <trkpt lat="35.71626520" lon="139.70327830" />
      <trkpt lat="35.71635000" lon="139.70331050" />
      <trkpt lat="35.71640550" lon="139.70334020" />
      <trkpt lat="35.71690900" lon="139.70353290" />
      <trkpt lat="35.71710010" lon="139.70356430" />
      <trkpt lat="35.71709900" lon="139.70374860" />
      <trkpt lat="35.71710960" lon="139.70381010" />
      <trkpt lat="35.71716360" lon="139.70393620" />
      <trkpt lat="35.71731180" lon="139.70417420" />
      <trkpt lat="35.71735930" lon="139.70428910" />
      <trkpt lat="35.71740190" lon="139.70441820" />
      <trkpt lat="35.71743670" lon="139.70471260" />
      <trkpt lat="35.71744540" lon="139.70478600" />
      <trkpt lat="35.71746790" lon="139.70509390" />
      <trkpt lat="35.71880820" lon="139.70556110" />
      <trkpt lat="35.71901940" lon="139.70563250" />
      <trkpt lat="35.71952830" lon="139.70580720" />
      <trkpt lat="35.71960300" lon="139.70582500" />
      <trkpt lat="35.71983920" lon="139.70587270" />
      <trkpt lat="35.71987850" lon="139.70588060" />
      <trkpt lat="35.71998680" lon="139.70590490" />
      <trkpt lat="35.72028260" lon="139.70600610" />
      <trkpt lat="35.72071200" lon="139.70616230" />
      <trkpt lat="35.72113370" lon="139.70633270" />
      <trkpt lat="35.72122930" lon="139.70629350" />
      <trkpt lat="35.72123890" lon="139.70633600" />
      <trkpt lat="35.72127310" lon="139.70638800" />
      <trkpt lat="35.72131300" lon="139.70640590" />
      <trkpt lat="35.72158350" lon="139.70631600" />
      <trkpt lat="35.72161310" lon="139.70630620" />
      <trkpt lat="35.72163400" lon="139.70632730" />
      <trkpt lat="35.72164370" lon="139.70638150" />
      <trkpt lat="35.72165770" lon="139.70642130" />
      <trkpt lat="35.72167720" lon="139.70643370" />
      <trkpt lat="35.72161900" lon="139.70654090" />
      <trkpt lat="35.72152940" lon="139.70670820" />
      <trkpt lat="35.72144180" lon="139.70666240" />
      <trkpt lat="35.72137510" lon="139.70662470" />
      <trkpt lat="35.72134870" lon="139.70661100" />
      <trkpt lat="35.72137510" lon="139.70662470" />
      <trkpt lat="35.72144180" lon="139.70666240" />
      <trkpt lat="35.72152940" lon="139.70670820" />
      <trkpt lat="35.72161900" lon="139.70654090" />
      <trkpt lat="35.72167720" lon="139.70643370" />
      <trkpt lat="35.72169370" lon="139.70639570" />
      <trkpt lat="35.72177690" lon="139.70645080" />
      <trkpt lat="35.72186400" lon="139.70651170" />
      <trkpt lat="35.72181810" lon="139.70662270" />
      <trkpt lat="35.72195260" lon="139.70670360" />
      <trkpt lat="35.72236000" lon="139.70691740" />
      <trkpt lat="35.72255910" lon="139.70702770" />
      <trkpt lat="35.72283290" lon="139.70716090" />
      <trkpt lat="35.72326430" lon="139.70737870" />
      <trkpt lat="35.72374900" lon="139.70761280" />
      <trkpt lat="35.72390900" lon="139.70771590" />
      <trkpt lat="35.72404270" lon="139.70779570" />
      <trkpt lat="35.72416760" lon="139.70785680" />
      <trkpt lat="35.72419890" lon="139.70787210" />
      <trkpt lat="35.72436550" lon="139.70795360" />
      <trkpt lat="35.72484570" lon="139.70823490" />
      <trkpt lat="35.72503400" lon="139.70826240" />
      <trkpt lat="35.72525800" lon="139.70823720" />
      <trkpt lat="35.72527280" lon="139.70847460" />
      <trkpt lat="35.72553670" lon="139.70861340" />
      <trkpt lat="35.72559340" lon="139.70863220" />
      <trkpt lat="35.72571040" lon="139.70860800" />
      <trkpt lat="35.72572960" lon="139.70860350" />
      <trkpt lat="35.72575820" lon="139.70873840" />
      <trkpt lat="35.72595490" lon="139.70882310" />
      <trkpt lat="35.72596830" lon="139.70881880" />
      <trkpt lat="35.72613620" lon="139.70876540" />
      <trkpt lat="35.72625350" lon="139.70881390" />
      <trkpt lat="35.72636430" lon="139.70886410" />
      <trkpt lat="35.72667480" lon="139.70904120" />
      <trkpt lat="35.72709780" lon="139.70904730" />
      <trkpt lat="35.72742450" lon="139.70898550" />
      <trkpt lat="35.72737430" lon="139.70913330" />
      <trkpt lat="35.72730960" lon="139.70932340" />
      <trkpt lat="35.72731330" lon="139.70934270" />
      <trkpt lat="35.72726650" lon="139.70947440" />
      <trkpt lat="35.72726270" lon="139.70948530" />
      <trkpt lat="35.72741230" lon="139.70955850" />
      <trkpt lat="35.72745600" lon="139.70947720" />
      <trkpt lat="35.72746370" lon="139.70946250" />
      <trkpt lat="35.72748310" lon="139.70944380" />
      <trkpt lat="35.72748870" lon="139.70945780" />
      <trkpt lat="35.72767880" lon="139.70955740" />
      <trkpt lat="35.72779650" lon="139.70961550" />
      <trkpt lat="35.72798590" lon="139.70970890" />
      <trkpt lat="35.72804180" lon="139.70972490" />
      <trkpt lat="35.72822670" lon="139.70976770" />
      <trkpt lat="35.72822080" lon="139.70981380" />
      <trkpt lat="35.72826610" lon="139.70982560" />
      <trkpt lat="35.72832270" lon="139.70978600" />
      <trkpt lat="35.72833470" lon="139.70981790" />
      <trkpt lat="35.72830610" lon="139.70992710" />
      <trkpt lat="35.72832230" lon="139.70993430" />
      <trkpt lat="35.72838980" lon="139.70996620" />
      <trkpt lat="35.72849130" lon="139.71001190" />
      <trkpt lat="35.72880220" lon="139.71015980" />
      <trkpt lat="35.72930540" lon="139.71028630" />
      <trkpt lat="35.72931740" lon="139.71025290" />
      <trkpt lat="35.72936200" lon="139.71012800" />
      <trkpt lat="35.72938490" lon="139.71014140" />
      <trkpt lat="35.72951670" lon="139.71021800" />
      <trkpt lat="35.72950330" lon="139.71025230" />
      <trkpt lat="35.72935930" lon="139.71016660" />
      <trkpt lat="35.72933740" lon="139.71022450" />
      <trkpt lat="35.72928870" lon="139.71036570" />
      <trkpt lat="35.72914330" lon="139.71075310" />
      <trkpt lat="35.72916370" lon="139.71076210" />
      <trkpt lat="35.72917930" lon="139.71076900" />
      <trkpt lat="35.72927640" lon="139.71082140" />
      <trkpt lat="35.72934640" lon="139.71086820" />
      <trkpt lat="35.72935500" lon="139.71087260" />
      <trkpt lat="35.72936250" lon="139.71087640" />
      <trkpt lat="35.72931230" lon="139.71100900" />
      <trkpt lat="35.72919040" lon="139.71133590" />
      <trkpt lat="35.72987760" lon="139.71169780" />
      <trkpt lat="35.72984670" lon="139.71177940" />
      <trkpt lat="35.72979140" lon="139.71193110" />
      <trkpt lat="35.72942370" lon="139.71192610" />
      <trkpt lat="35.72940810" lon="139.71189170" />
      <trkpt lat="35.72926990" lon="139.71182860" />
      <trkpt lat="35.72935430" lon="139.71152560" />
      <trkpt lat="35.72865390" lon="139.71119120" />
      <trkpt lat="35.72865018" lon="139.71118943" />
      <trkpt lat="35.72865390" lon="139.71119120" />
      <trkpt lat="35.72935430" lon="139.71152560" />
      <trkpt lat="35.72926990" lon="139.71182860" />
      <trkpt lat="35.72940810" lon="139.71189170" />
      <trkpt lat="35.72942370" lon="139.71192610" />
      <trkpt lat="35.72979140" lon="139.71193110" />
      <trkpt lat="35.72984670" lon="139.71177940" />
      <trkpt lat="35.72987760" lon="139.71169780" />
      <trkpt lat="35.73021710" lon="139.71188040" />
      <trkpt lat="35.73082500" lon="139.71220650" />
      <trkpt lat="35.73077600" lon="139.71234350" />
      <trkpt lat="35.73074390" lon="139.71243940" />
      <trkpt lat="35.73071200" lon="139.71253100" />
      <trkpt lat="35.73069080" lon="139.71255970" />
      <trkpt lat="35.73063870" lon="139.71263020" />
      <trkpt lat="35.73061830" lon="139.71268910" />
      <trkpt lat="35.73060080" lon="139.71274530" />
      <trkpt lat="35.73056870" lon="139.71284080" />
      <trkpt lat="35.73052760" lon="139.71296750" />
      <trkpt lat="35.73050910" lon="139.71302380" />
      <trkpt lat="35.73049240" lon="139.71307450" />
      <trkpt lat="35.73047640" lon="139.71312310" />
      <trkpt lat="35.73048750" lon="139.71312940" />
      <trkpt lat="35.73052560" lon="139.71317970" />
      <trkpt lat="35.73054600" lon="139.71318770" />
      <trkpt lat="35.73056950" lon="139.71319480" />
      <trkpt lat="35.73057740" lon="139.71364490" />
      <trkpt lat="35.73058350" lon="139.71399220" />
      <trkpt lat="35.73058560" lon="139.71411310" />
      <trkpt lat="35.73058750" lon="139.71422000" />
      <trkpt lat="35.73059490" lon="139.71464390" />
      <trkpt lat="35.73060020" lon="139.71472340" />
      <trkpt lat="35.73060870" lon="139.71479090" />
      <trkpt lat="35.73063290" lon="139.71498480" />
      <trkpt lat="35.73068380" lon="139.71525640" />
      <trkpt lat="35.73069150" lon="139.71533200" />
      <trkpt lat="35.73069340" lon="139.71541080" />
      <trkpt lat="35.73070310" lon="139.71580740" />
      <trkpt lat="35.73070390" lon="139.71583850" />
      <trkpt lat="35.73070670" lon="139.71595410" />
      <trkpt lat="35.73070900" lon="139.71604610" />
      <trkpt lat="35.73071070" lon="139.71611970" />
      <trkpt lat="35.73071310" lon="139.71619400" />
      <trkpt lat="35.73067730" lon="139.71619420" />
      <trkpt lat="35.73068550" lon="139.71660640" />
      <trkpt lat="35.73067910" lon="139.71662900" />
      <trkpt lat="35.73065960" lon="139.71663430" />
      <trkpt lat="35.73046360" lon="139.71663980" />
      <trkpt lat="35.73040630" lon="139.71664130" />
      <trkpt lat="35.73042640" lon="139.71676740" />
      <trkpt lat="35.73043540" lon="139.71682370" />
      <trkpt lat="35.73044070" lon="139.71685680" />
      <trkpt lat="35.73044790" lon="139.71690150" />
      <trkpt lat="35.73047260" lon="139.71705620" />
      <trkpt lat="35.73045510" lon="139.71708800" />
      <trkpt lat="35.73045060" lon="139.71712090" />
      <trkpt lat="35.73046690" lon="139.71720320" />
      <trkpt lat="35.73061670" lon="139.71770190" />
      <trkpt lat="35.73062820" lon="139.71774460" />
      <trkpt lat="35.73065300" lon="139.71783710" />
      <trkpt lat="35.73076570" lon="139.71823110" />
      <trkpt lat="35.73079620" lon="139.71830050" />
      <trkpt lat="35.73083200" lon="139.71833010" />
      <trkpt lat="35.73080290" lon="139.71839400" />
      <trkpt lat="35.73077450" lon="139.71845620" />
      <trkpt lat="35.73076660" lon="139.71845690" />
      <trkpt lat="35.73073890" lon="139.71847570" />
      <trkpt lat="35.73070160" lon="139.71851780" />
      <trkpt lat="35.73068740" lon="139.71854630" />
      <trkpt lat="35.73060920" lon="139.71868620" />
      <trkpt lat="35.73027180" lon="139.71930780" />
      <trkpt lat="35.73023200" lon="139.71937890" />
      <trkpt lat="35.73021340" lon="139.71941770" />
      <trkpt lat="35.73020430" lon="139.71945420" />
      <trkpt lat="35.72969390" lon="139.72038630" />
      <trkpt lat="35.72966660" lon="139.72043500" />
      <trkpt lat="35.72909880" lon="139.72147470" />
      <trkpt lat="35.72908540" lon="139.72150290" />
      <trkpt lat="35.72908440" lon="139.72152990" />
      <trkpt lat="35.72909210" lon="139.72156170" />
      <trkpt lat="35.72911400" lon="139.72158760" />
      <trkpt lat="35.72907880" lon="139.72164310" />
      <trkpt lat="35.72903710" lon="139.72170890" />
      <trkpt lat="35.72917930" lon="139.72183940" />
      <trkpt lat="35.72979700" lon="139.72238270" />
      <trkpt lat="35.73017220" lon="139.72272030" />
      <trkpt lat="35.73018080" lon="139.72273440" />
      <trkpt lat="35.73018940" lon="139.72275910" />
      <trkpt lat="35.73018990" lon="139.72278890" />
      <trkpt lat="35.73018630" lon="139.72281940" />
      <trkpt lat="35.73024190" lon="139.72286460" />
      <trkpt lat="35.73030020" lon="139.72291200" />
      <trkpt lat="35.73035370" lon="139.72295550" />
      <trkpt lat="35.73031690" lon="139.72302440" />
      <trkpt lat="35.73029190" lon="139.72307110" />
      <trkpt lat="35.73026850" lon="139.72311470" />
      <trkpt lat="35.73017500" lon="139.72329050" />
      <trkpt lat="35.72991570" lon="139.72377460" />
      <trkpt lat="35.72995350" lon="139.72381150" />
      <trkpt lat="35.73022480" lon="139.72407570" />
      <trkpt lat="35.73024900" lon="139.72410190" />
      <trkpt lat="35.73038430" lon="139.72424820" />
      <trkpt lat="35.73050280" lon="139.72435850" />
      <trkpt lat="35.73067820" lon="139.72453780" />
      <trkpt lat="35.73070860" lon="139.72459740" />
      <trkpt lat="35.73072510" lon="139.72465270" />
      <trkpt lat="35.73077470" lon="139.72481860" />
      <trkpt lat="35.73085780" lon="139.72515090" />
      <trkpt lat="35.73089970" lon="139.72536960" />
      <trkpt lat="35.73091930" lon="139.72547200" />
      <trkpt lat="35.73095000" lon="139.72557160" />
      <trkpt lat="35.73097110" lon="139.72564030" />
      <trkpt lat="35.73117960" lon="139.72616340" />
      <trkpt lat="35.73122940" lon="139.72628830" />
      <trkpt lat="35.73126250" lon="139.72636180" />
      <trkpt lat="35.73130330" lon="139.72645250" />
      <trkpt lat="35.73140420" lon="139.72664110" />
      <trkpt lat="35.73147130" lon="139.72676810" />
      <trkpt lat="35.73153100" lon="139.72687800" />
      <trkpt lat="35.73136040" lon="139.72755500" />
      <trkpt lat="35.73120330" lon="139.72822350" />
      <trkpt lat="35.73125140" lon="139.72824240" />
      <trkpt lat="35.73129170" lon="139.72825820" />
      <trkpt lat="35.73130750" lon="139.72826440" />
      <trkpt lat="35.73127800" lon="139.72836140" />
      <trkpt lat="35.73127220" lon="139.72841930" />
      <trkpt lat="35.73122310" lon="139.72858250" />
      <trkpt lat="35.73127540" lon="139.72859420" />
      <trkpt lat="35.73127730" lon="139.72859450" />
      <trkpt lat="35.73141910" lon="139.72864720" />
      <trkpt lat="35.73143390" lon="139.72865270" />
      <trkpt lat="35.73154902" lon="139.72869906" />
      <trkpt lat="35.73155010" lon="139.72869950" />
      <trkpt lat="35.73156977" lon="139.72861991" />
      <trkpt lat="35.73155010" lon="139.72869950" />
      <trkpt lat="35.73174430" lon="139.72877390" />
      <trkpt lat="35.73178400" lon="139.72879100" />
      <trkpt lat="35.73173730" lon="139.72896850" />
      <trkpt lat="35.73163430" lon="139.72930780" />
      <trkpt lat="35.73165970" lon="139.72933900" />
      <trkpt lat="35.73165850" lon="139.72934560" />
      <trkpt lat="35.73165460" lon="139.72938830" />
      <trkpt lat="35.73165350" lon="139.72941050" />
      <trkpt lat="35.73165360" lon="139.72947740" />
      <trkpt lat="35.73166560" lon="139.72948350" />
      <trkpt lat="35.73165130" lon="139.72955390" />
      <trkpt lat="35.73163840" lon="139.72961990" />
      <trkpt lat="35.73192680" lon="139.72990890" />
      <trkpt lat="35.73188670" lon="139.72998020" />
      <trkpt lat="35.73196260" lon="139.73006760" />
      <trkpt lat="35.73201460" lon="139.73012870" />
      <trkpt lat="35.73197330" lon="139.73019290" />
      <trkpt lat="35.73198270" lon="139.73024770" />
      <trkpt lat="35.73199300" lon="139.73031230" />
      <trkpt lat="35.73197090" lon="139.73040050" />
      <trkpt lat="35.73195250" lon="139.73047710" />
      <trkpt lat="35.73229700" lon="139.73058320" />
      <trkpt lat="35.73234440" lon="139.73060070" />
      <trkpt lat="35.73229280" lon="139.73088490" />
      <trkpt lat="35.73230320" lon="139.73096090" />
      <trkpt lat="35.73236660" lon="139.73144560" />
      <trkpt lat="35.73239850" lon="139.73171480" />
      <trkpt lat="35.73242470" lon="139.73184790" />
      <trkpt lat="35.73249900" lon="139.73243380" />
      <trkpt lat="35.73252620" lon="139.73254430" />
      <trkpt lat="35.73298130" lon="139.73304330" />
      <trkpt lat="35.73339120" lon="139.73348910" />
      <trkpt lat="35.73329010" lon="139.73369850" />
      <trkpt lat="35.73319440" lon="139.73392390" />
      <trkpt lat="35.73310900" lon="139.73415420" />
      <trkpt lat="35.73306510" lon="139.73429430" />
      <trkpt lat="35.73274070" lon="139.73550200" />
      <trkpt lat="35.73271010" lon="139.73551900" />
      <trkpt lat="35.73255920" lon="139.73560260" />
      <trkpt lat="35.73248590" lon="139.73563180" />
      <trkpt lat="35.73223460" lon="139.73571120" />
      <trkpt lat="35.73225070" lon="139.73575060" />
      <trkpt lat="35.73263910" lon="139.73670110" />
      <trkpt lat="35.73266900" lon="139.73676580" />
      <trkpt lat="35.73252810" lon="139.73688750" />
      <trkpt lat="35.73250440" lon="139.73690790" />
      <trkpt lat="35.73252000" lon="139.73694130" />
      <trkpt lat="35.73252080" lon="139.73701450" />
      <trkpt lat="35.73285160" lon="139.73775710" />
      <trkpt lat="35.73286400" lon="139.73778830" />
      <trkpt lat="35.73288100" lon="139.73782770" />
      <trkpt lat="35.73289030" lon="139.73785920" />
      <trkpt lat="35.73304890" lon="139.73823210" />
      <trkpt lat="35.73306020" lon="139.73824110" />
      <trkpt lat="35.73307160" lon="139.73826280" />
      <trkpt lat="35.73308850" lon="139.73829460" />
      <trkpt lat="35.73308820" lon="139.73830850" />
      <trkpt lat="35.73320130" lon="139.73856680" />
      <trkpt lat="35.73322010" lon="139.73857770" />
      <trkpt lat="35.73323090" lon="139.73856380" />
      <trkpt lat="35.73326180" lon="139.73852370" />
      <trkpt lat="35.73327750" lon="139.73855670" />
      <trkpt lat="35.73331450" lon="139.73863280" />
      <trkpt lat="35.73334960" lon="139.73870470" />
      <trkpt lat="35.73335600" lon="139.73871780" />
      <trkpt lat="35.73338460" lon="139.73877650" />
      <trkpt lat="35.73341430" lon="139.73883750" />
      <trkpt lat="35.73345200" lon="139.73887990" />
      <trkpt lat="35.73337520" lon="139.73895030" />
      <trkpt lat="35.73341390" lon="139.73904250" />
      <trkpt lat="35.73342890" lon="139.73907760" />
      <trkpt lat="35.73347763" lon="139.73919013" />
      <trkpt lat="35.73348160" lon="139.73919930" />
      <trkpt lat="35.73331511" lon="139.73929729" />
      <trkpt lat="35.73348160" lon="139.73919930" />
      <trkpt lat="35.73349370" lon="139.73922770" />
      <trkpt lat="35.73355120" lon="139.73919220" />
      <trkpt lat="35.73357570" lon="139.73917710" />
      <trkpt lat="35.73358090" lon="139.73917450" />
      <trkpt lat="35.73360700" lon="139.73915790" />
      <trkpt lat="35.73370340" lon="139.73937880" />
      <trkpt lat="35.73374070" lon="139.73943710" />
      <trkpt lat="35.73372220" lon="139.73950220" />
      <trkpt lat="35.73366310" lon="139.73971090" />
      <trkpt lat="35.73383590" lon="139.74006820" />
      <trkpt lat="35.73391650" lon="139.74024320" />
      <trkpt lat="35.73402790" lon="139.74051530" />
      <trkpt lat="35.73405760" lon="139.74058680" />
      <trkpt lat="35.73410370" lon="139.74069980" />
      <trkpt lat="35.73412430" lon="139.74075440" />
      <trkpt lat="35.73451590" lon="139.74170330" />
      <trkpt lat="35.73454900" lon="139.74179070" />
      <trkpt lat="35.73455960" lon="139.74182620" />
      <trkpt lat="35.73463650" lon="139.74210420" />
      <trkpt lat="35.73469810" lon="139.74225760" />
      <trkpt lat="35.73473560" lon="139.74236320" />
      <trkpt lat="35.73476200" lon="139.74242330" />
      <trkpt lat="35.73478880" lon="139.74249380" />
      <trkpt lat="35.73484740" lon="139.74263770" />
      <trkpt lat="35.73515650" lon="139.74339700" />
      <trkpt lat="35.73546900" lon="139.74416430" />
      <trkpt lat="35.73573410" lon="139.74441420" />
      <trkpt lat="35.73608290" lon="139.74474300" />
      <trkpt lat="35.73611520" lon="139.74477340" />
      <trkpt lat="35.73613450" lon="139.74479270" />
      <trkpt lat="35.73611620" lon="139.74483320" />
      <trkpt lat="35.73609360" lon="139.74488710" />
      <trkpt lat="35.73598420" lon="139.74513470" />
      <trkpt lat="35.73589090" lon="139.74534590" />
      <trkpt lat="35.73591130" lon="139.74539390" />
      <trkpt lat="35.73621810" lon="139.74610150" />
      <trkpt lat="35.73623580" lon="139.74614310" />
      <trkpt lat="35.73631200" lon="139.74632220" />
      <trkpt lat="35.73642460" lon="139.74650700" />
      <trkpt lat="35.73643460" lon="139.74650340" />
      <trkpt lat="35.73643780" lon="139.74650230" />
      <trkpt lat="35.73646890" lon="139.74649110" />
      <trkpt lat="35.73648800" lon="139.74656200" />
      <trkpt lat="35.73651940" lon="139.74667800" />
      <trkpt lat="35.73653460" lon="139.74673420" />
      <trkpt lat="35.73653760" lon="139.74674620" />
      <trkpt lat="35.73656100" lon="139.74678700" />
      <trkpt lat="35.73656980" lon="139.74681100" />
      <trkpt lat="35.73648610" lon="139.74688680" />
      <trkpt lat="35.73649580" lon="139.74691160" />
      <trkpt lat="35.73648620" lon="139.74699880" />
      <trkpt lat="35.73657150" lon="139.74721160" />
      <trkpt lat="35.73658190" lon="139.74724070" />
      <trkpt lat="35.73667820" lon="139.74748440" />
      <trkpt lat="35.73668690" lon="139.74747740" />
      <trkpt lat="35.73669520" lon="139.74747150" />
      <trkpt lat="35.73718480" lon="139.74863970" />
      <trkpt lat="35.73717560" lon="139.74864650" />
      <trkpt lat="35.73727750" lon="139.74886270" />
      <trkpt lat="35.73726600" lon="139.74887710" />
      <trkpt lat="35.73736370" lon="139.74908240" />
      <trkpt lat="35.73738770" lon="139.74912970" />
      <trkpt lat="35.73741020" lon="139.74917570" />
      <trkpt lat="35.73724850" lon="139.74923730" />
      <trkpt lat="35.73722640" lon="139.74925510" />
      <trkpt lat="35.73724420" lon="139.74929770" />
      <trkpt lat="35.73726880" lon="139.74934650" />
      <trkpt lat="35.73739840" lon="139.74962480" />
      <trkpt lat="35.73770620" lon="139.75028940" />
      <trkpt lat="35.73774230" lon="139.75031340" />
      <trkpt lat="35.73780250" lon="139.75041630" />
      <trkpt lat="35.73782560" lon="139.75045580" />
      <trkpt lat="35.73794480" lon="139.75065950" />
      <trkpt lat="35.73805830" lon="139.75089490" />
      <trkpt lat="35.73825940" lon="139.75130220" />
      <trkpt lat="35.73853160" lon="139.75189000" />
      <trkpt lat="35.73864730" lon="139.75213380" />
      <trkpt lat="35.73875760" lon="139.75236590" />
      <trkpt lat="35.73896150" lon="139.75289440" />
      <trkpt lat="35.73897330" lon="139.75292490" />
      <trkpt lat="35.73899390" lon="139.75297830" />
      <trkpt lat="35.73896350" lon="139.75308330" />
      <trkpt lat="35.73899940" lon="139.75311690" />
      <trkpt lat="35.73902090" lon="139.75314290" />
      <trkpt lat="35.73928590" lon="139.75383400" />
      <trkpt lat="35.73937520" lon="139.75402250" />
      <trkpt lat="35.73940170" lon="139.75407840" />
      <trkpt lat="35.73940360" lon="139.75412740" />
      <trkpt lat="35.73944240" lon="139.75416500" />
      <trkpt lat="35.73959670" lon="139.75435720" />
      <trkpt lat="35.73979290" lon="139.75471840" />
      <trkpt lat="35.73981250" lon="139.75476640" />
      <trkpt lat="35.73986690" lon="139.75491260" />
      <trkpt lat="35.73999380" lon="139.75528280" />
      <trkpt lat="35.74007900" lon="139.75550730" />
      <trkpt lat="35.74013660" lon="139.75560380" />
      <trkpt lat="35.74015800" lon="139.75563950" />
      <trkpt lat="35.74013580" lon="139.75566180" />
      <trkpt lat="35.74012860" lon="139.75569280" />
      <trkpt lat="35.74005590" lon="139.75580540" />
      <trkpt lat="35.73993300" lon="139.75593860" />
      <trkpt lat="35.73981120" lon="139.75607930" />
      <trkpt lat="35.73958490" lon="139.75639400" />
      <trkpt lat="35.73954590" lon="139.75644710" />
      <trkpt lat="35.73952180" lon="139.75648140" />
      <trkpt lat="35.73953370" lon="139.75649420" />
      <trkpt lat="35.73955400" lon="139.75651640" />
      <trkpt lat="35.73957400" lon="139.75653840" />
      <trkpt lat="35.73958440" lon="139.75655140" />
      <trkpt lat="35.73939000" lon="139.75683300" />
      <trkpt lat="35.73924260" lon="139.75704440" />
      <trkpt lat="35.73918440" lon="139.75712710" />
      <trkpt lat="35.73903030" lon="139.75735070" />
      <trkpt lat="35.73897500" lon="139.75742990" />
      <trkpt lat="35.73881480" lon="139.75765230" />
      <trkpt lat="35.73870900" lon="139.75780200" />
      <trkpt lat="35.73851320" lon="139.75808180" />
      <trkpt lat="35.73847100" lon="139.75814540" />
      <trkpt lat="35.73825630" lon="139.75854160" />
      <trkpt lat="35.73824950" lon="139.75856210" />
      <trkpt lat="35.73825050" lon="139.75858720" />
      <trkpt lat="35.73822830" lon="139.75862600" />
      <trkpt lat="35.73820790" lon="139.75866560" />
      <trkpt lat="35.73817210" lon="139.75870700" />
      <trkpt lat="35.73816950" lon="139.75871160" />
      <trkpt lat="35.73791250" lon="139.75916600" />
      <trkpt lat="35.73790180" lon="139.75918490" />
      <trkpt lat="35.73776970" lon="139.75942150" />
      <trkpt lat="35.73770750" lon="139.75958710" />
      <trkpt lat="35.73763090" lon="139.75981660" />
      <trkpt lat="35.73762590" lon="139.75982850" />
      <trkpt lat="35.73765350" lon="139.75984280" />
      <trkpt lat="35.73770660" lon="139.75984410" />
      <trkpt lat="35.73777860" lon="139.75985270" />
      <trkpt lat="35.73781410" lon="139.75987810" />
      <trkpt lat="35.73785440" lon="139.75990550" />
      <trkpt lat="35.73789820" lon="139.75993690" />
      <trkpt lat="35.73787660" lon="139.75997920" />
      <trkpt lat="35.73797630" lon="139.76008370" />
      <trkpt lat="35.73803070" lon="139.76014080" />
      <trkpt lat="35.73810800" lon="139.76031180" />
      <trkpt lat="35.73812110" lon="139.76035340" />
      <trkpt lat="35.73813160" lon="139.76038690" />
      <trkpt lat="35.73815810" lon="139.76047140" />
      <trkpt lat="35.73817760" lon="139.76049480" />
      <trkpt lat="35.73823650" lon="139.76056530" />
      <trkpt lat="35.73833010" lon="139.76067720" />
      <trkpt lat="35.73831370" lon="139.76069780" />
      <trkpt lat="35.73830190" lon="139.76071250" />
      <trkpt lat="35.73828970" lon="139.76072770" />
      <trkpt lat="35.73828954" lon="139.76072750" />
      <trkpt lat="35.73819640" lon="139.76061030" />
      <trkpt lat="35.73805160" lon="139.76078260" />
      <trkpt lat="35.73800370" lon="139.76083960" />
      <trkpt lat="35.73795240" lon="139.76090070" />
      <trkpt lat="35.73777050" lon="139.76112030" />
      <trkpt lat="35.73724110" lon="139.76174470" />
      <trkpt lat="35.73717910" lon="139.76181780" />
      <trkpt lat="35.73711130" lon="139.76190030" />
      <trkpt lat="35.73703560" lon="139.76180060" />
      <trkpt lat="35.73702150" lon="139.76181620" />
      <trkpt lat="35.73698930" lon="139.76185390" />
      <trkpt lat="35.73697640" lon="139.76186070" />
      <trkpt lat="35.73679720" lon="139.76194100" />
      <trkpt lat="35.73667040" lon="139.76208970" />
      <trkpt lat="35.73652490" lon="139.76228310" />
      <trkpt lat="35.73640190" lon="139.76241010" />
      <trkpt lat="35.73622190" lon="139.76254180" />
      <trkpt lat="35.73613930" lon="139.76258670" />
      <trkpt lat="35.73612130" lon="139.76256180" />
      <trkpt lat="35.73587850" lon="139.76287070" />
      <trkpt lat="35.73531520" lon="139.76352720" />
      <trkpt lat="35.73520820" lon="139.76366080" />
      <trkpt lat="35.73518830" lon="139.76368870" />
      <trkpt lat="35.73503380" lon="139.76385960" />
      <trkpt lat="35.73493870" lon="139.76396480" />
      <trkpt lat="35.73483940" lon="139.76412380" />
      <trkpt lat="35.73470840" lon="139.76432330" />
      <trkpt lat="35.73460850" lon="139.76444440" />
      <trkpt lat="35.73377520" lon="139.76531050" />
      <trkpt lat="35.73369570" lon="139.76540680" />
      <trkpt lat="35.73314610" lon="139.76583080" />
      <trkpt lat="35.73222980" lon="139.76640400" />
      <trkpt lat="35.73215060" lon="139.76645350" />
      <trkpt lat="35.73207040" lon="139.76650610" />
      <trkpt lat="35.73213430" lon="139.76662870" />
      <trkpt lat="35.73215970" lon="139.76667740" />
      <trkpt lat="35.73210990" lon="139.76671570" />
      <trkpt lat="35.73209238" lon="139.76672826" />
      <trkpt lat="35.73204240" lon="139.76676410" />
      <trkpt lat="35.73213172" lon="139.76693461" />
      <trkpt lat="35.73213260" lon="139.76693630" />
      <trkpt lat="35.73217410" lon="139.76690130" />
      <trkpt lat="35.73213260" lon="139.76693630" />
      <trkpt lat="35.73232800" lon="139.76732490" />
      <trkpt lat="35.73244480" lon="139.76727110" />
      <trkpt lat="35.73245810" lon="139.76730100" />
      <trkpt lat="35.73209760" lon="139.76748300" />
      <trkpt lat="35.73205820" lon="139.76750260" />
      <trkpt lat="35.73180790" lon="139.76775720" />
      <trkpt lat="35.73162370" lon="139.76795470" />
      <trkpt lat="35.73161580" lon="139.76802810" />
      <trkpt lat="35.73160110" lon="139.76816370" />
      <trkpt lat="35.73134260" lon="139.76848410" />
      <trkpt lat="35.73104950" lon="139.76892350" />
      <trkpt lat="35.73088780" lon="139.76918000" />
      <trkpt lat="35.73084620" lon="139.76923380" />
      <trkpt lat="35.73081340" lon="139.76927370" />
      <trkpt lat="35.73078250" lon="139.76931310" />
      <trkpt lat="35.73074710" lon="139.76935380" />
      <trkpt lat="35.73070080" lon="139.76938050" />
      <trkpt lat="35.73067290" lon="139.76939110" />
      <trkpt lat="35.73064510" lon="139.76941000" />
      <trkpt lat="35.73019790" lon="139.76972800" />
      <trkpt lat="35.73003510" lon="139.76986230" />
      <trkpt lat="35.72981920" lon="139.77004150" />
      <trkpt lat="35.72974000" lon="139.77011570" />
      <trkpt lat="35.72939490" lon="139.77054240" />
      <trkpt lat="35.72933180" lon="139.77061950" />
      <trkpt lat="35.72929560" lon="139.77066380" />
      <trkpt lat="35.72905700" lon="139.77094040" />
      <trkpt lat="35.72898950" lon="139.77102120" />
      <trkpt lat="35.72895850" lon="139.77097830" />
      <trkpt lat="35.72881530" lon="139.77099500" />
      <trkpt lat="35.72879950" lon="139.77101120" />
      <trkpt lat="35.72878570" lon="139.77099340" />
      <trkpt lat="35.72876160" lon="139.77096090" />
      <trkpt lat="35.72869210" lon="139.77086900" />
      <trkpt lat="35.72873180" lon="139.77082310" />
      <trkpt lat="35.72868600" lon="139.77076230" />
      <trkpt lat="35.72856790" lon="139.77060590" />
      <trkpt lat="35.72853560" lon="139.77056310" />
      <trkpt lat="35.72852490" lon="139.77054900" />
      <trkpt lat="35.72840650" lon="139.77039200" />
      <trkpt lat="35.72844290" lon="139.77035040" />
      <trkpt lat="35.72856520" lon="139.77050970" />
      <trkpt lat="35.72861460" lon="139.77057170" />
      <trkpt lat="35.72864250" lon="139.77061080" />
      <trkpt lat="35.72867200" lon="139.77067190" />
      <trkpt lat="35.72868170" lon="139.77070890" />
      <trkpt lat="35.72868530" lon="139.77073960" />
      <trkpt lat="35.72865630" lon="139.77081200" />
      <trkpt lat="35.72849060" lon="139.77100580" />
      <trkpt lat="35.72835571" lon="139.77116352" />
      <trkpt lat="35.72787390" lon="139.77172690" />
      <trkpt lat="35.72787120" lon="139.77176280" />
      <trkpt lat="35.72788700" lon="139.77180080" />
      <trkpt lat="35.72796570" lon="139.77189130" />
      <trkpt lat="35.72791650" lon="139.77195600" />
      <trkpt lat="35.72790170" lon="139.77197530" />
      <trkpt lat="35.72773390" lon="139.77219570" />
      <trkpt lat="35.72746040" lon="139.77255470" />
      <trkpt lat="35.72723550" lon="139.77285010" />
      <trkpt lat="35.72713340" lon="139.77300650" />
      <trkpt lat="35.72710830" lon="139.77305740" />
      <trkpt lat="35.72682070" lon="139.77366260" />
      <trkpt lat="35.72672630" lon="139.77384800" />
      <trkpt lat="35.72658830" lon="139.77411650" />
      <trkpt lat="35.72647870" lon="139.77438060" />
      <trkpt lat="35.72646750" lon="139.77440890" />
      <trkpt lat="35.72630140" lon="139.77482870" />
      <trkpt lat="35.72626960" lon="139.77490910" />
      <trkpt lat="35.72622450" lon="139.77489360" />
      <trkpt lat="35.72620270" lon="139.77494790" />
      <trkpt lat="35.72617140" lon="139.77502450" />
      <trkpt lat="35.72605140" lon="139.77531810" />
      <trkpt lat="35.72602640" lon="139.77536500" />
      <trkpt lat="35.72600630" lon="139.77538130" />
      <trkpt lat="35.72598720" lon="139.77540530" />
      <trkpt lat="35.72589350" lon="139.77552060" />
      <trkpt lat="35.72580540" lon="139.77565340" />
      <trkpt lat="35.72519670" lon="139.77659350" />
      <trkpt lat="35.72502150" lon="139.77685360" />
      <trkpt lat="35.72500110" lon="139.77687740" />
      <trkpt lat="35.72498880" lon="139.77690060" />
      <trkpt lat="35.72496360" lon="139.77695610" />
      <trkpt lat="35.72481790" lon="139.77719430" />
      <trkpt lat="35.72480780" lon="139.77720900" />
      <trkpt lat="35.72478960" lon="139.77723990" />
      <trkpt lat="35.72440960" lon="139.77781920" />
      <trkpt lat="35.72436480" lon="139.77788540" />
      <trkpt lat="35.72433290" lon="139.77793550" />
      <trkpt lat="35.72431700" lon="139.77796010" />
      <trkpt lat="35.72431380" lon="139.77796500" />
      <trkpt lat="35.72417290" lon="139.77817830" />
      <trkpt lat="35.72402520" lon="139.77838730" />
      <trkpt lat="35.72399910" lon="139.77842430" />
      <trkpt lat="35.72388270" lon="139.77846360" />
      <trkpt lat="35.72376210" lon="139.77841960" />
      <trkpt lat="35.72372170" lon="139.77839980" />
      <trkpt lat="35.72369870" lon="139.77833860" />
      <trkpt lat="35.72364970" lon="139.77831690" />
      <trkpt lat="35.72355040" lon="139.77827670" />
      <trkpt lat="35.72353230" lon="139.77827750" />
      <trkpt lat="35.72351760" lon="139.77828660" />
      <trkpt lat="35.72350030" lon="139.77828140" />
      <trkpt lat="35.72348630" lon="139.77827790" />
      <trkpt lat="35.72337740" lon="139.77822020" />
      <trkpt lat="35.72333820" lon="139.77818270" />
      <trkpt lat="35.72331860" lon="139.77812900" />
      <trkpt lat="35.72328480" lon="139.77810920" />
      <trkpt lat="35.72325800" lon="139.77809130" />
      <trkpt lat="35.72324740" lon="139.77808440" />
      <trkpt lat="35.72311930" lon="139.77800530" />
      <trkpt lat="35.72307630" lon="139.77801160" />
      <trkpt lat="35.72305290" lon="139.77801520" />
      <trkpt lat="35.72302630" lon="139.77801800" />
      <trkpt lat="35.72301640" lon="139.77802210" />
      <trkpt lat="35.72299740" lon="139.77803680" />
      <trkpt lat="35.72297120" lon="139.77804490" />
      <trkpt lat="35.72296860" lon="139.77806630" />
      <trkpt lat="35.72295030" lon="139.77811540" />
      <trkpt lat="35.72293860" lon="139.77814680" />
      <trkpt lat="35.72291990" lon="139.77819920" />
      <trkpt lat="35.72292360" lon="139.77821700" />
      <trkpt lat="35.72292220" lon="139.77823130" />
      <trkpt lat="35.72291810" lon="139.77827200" />
      <trkpt lat="35.72285280" lon="139.77849990" />
      <trkpt lat="35.72271670" lon="139.77887280" />
      <trkpt lat="35.72270730" lon="139.77889470" />
      <trkpt lat="35.72269820" lon="139.77891970" />
      <trkpt lat="35.72260670" lon="139.77911280" />
      <trkpt lat="35.72251420" lon="139.77925230" />
      <trkpt lat="35.72237920" lon="139.77940250" />
      <trkpt lat="35.72224200" lon="139.77953800" />
      <trkpt lat="35.72222350" lon="139.77955440" />
      <trkpt lat="35.72220280" lon="139.77957280" />
      <trkpt lat="35.72208560" lon="139.77969080" />
      <trkpt lat="35.72171610" lon="139.78003690" />
      <trkpt lat="35.72149070" lon="139.78023800" />
      <trkpt lat="35.72136840" lon="139.78035760" />
      <trkpt lat="35.72130690" lon="139.78040530" />
      <trkpt lat="35.72128580" lon="139.78042430" />
      <trkpt lat="35.72105380" lon="139.78012150" />
      <trkpt lat="35.72088130" lon="139.77991620" />
      <trkpt lat="35.72076980" lon="139.77979420" />
      <trkpt lat="35.72075650" lon="139.77978290" />
      <trkpt lat="35.72068220" lon="139.77970710" />
      <trkpt lat="35.72020290" lon="139.77930790" />
      <trkpt lat="35.72020020" lon="139.77927890" />
      <trkpt lat="35.72023500" lon="139.77922460" />
      <trkpt lat="35.72024040" lon="139.77919200" />
      <trkpt lat="35.72027347" lon="139.77910627" />
      <trkpt lat="35.72027720" lon="139.77909660" />
      <trkpt lat="35.72027076" lon="139.77910087" />
      <trkpt lat="35.72020900" lon="139.77914180" />
      <trkpt lat="35.72018850" lon="139.77913100" />
      <trkpt lat="35.72014820" lon="139.77912920" />
      <trkpt lat="35.72010790" lon="139.77914810" />
      <trkpt lat="35.72004370" lon="139.77920430" />
      <trkpt lat="35.71994790" lon="139.77912480" />
      <trkpt lat="35.71992700" lon="139.77916550" />
      <trkpt lat="35.71990050" lon="139.77921930" />
      <trkpt lat="35.71915950" lon="139.77861150" />
      <trkpt lat="35.71914750" lon="139.77859590" />
      <trkpt lat="35.71913830" lon="139.77856980" />
      <trkpt lat="35.71901870" lon="139.77872210" />
      <trkpt lat="35.71888570" lon="139.77898830" />
      <trkpt lat="35.71880550" lon="139.77904610" />
      <trkpt lat="35.71866960" lon="139.77907070" />
      <trkpt lat="35.71851810" lon="139.77906930" />
      <trkpt lat="35.71833070" lon="139.77907030" />
      <trkpt lat="35.71810780" lon="139.77894830" />
      <trkpt lat="35.71785190" lon="139.77881300" />
      <trkpt lat="35.71741650" lon="139.77853910" />
      <trkpt lat="35.71738390" lon="139.77851830" />
      <trkpt lat="35.71736230" lon="139.77851630" />
      <trkpt lat="35.71734220" lon="139.77850470" />
      <trkpt lat="35.71673960" lon="139.77812200" />
      <trkpt lat="35.71640020" lon="139.77791440" />
      <trkpt lat="35.71642320" lon="139.77786420" />
      <trkpt lat="35.71643170" lon="139.77784660" />
      <trkpt lat="35.71641380" lon="139.77783380" />
      <trkpt lat="35.71636560" lon="139.77779450" />
      <trkpt lat="35.71632180" lon="139.77775870" />
      <trkpt lat="35.71631610" lon="139.77773140" />
      <trkpt lat="35.71629980" lon="139.77773880" />
      <trkpt lat="35.71628450" lon="139.77773680" />
      <trkpt lat="35.71573410" lon="139.77726670" />
      <trkpt lat="35.71570410" lon="139.77726070" />
      <trkpt lat="35.71533120" lon="139.77695490" />
      <trkpt lat="35.71512660" lon="139.77679370" />
      <trkpt lat="35.71509550" lon="139.77676920" />
      <trkpt lat="35.71508350" lon="139.77675170" />
      <trkpt lat="35.71485110" lon="139.77654870" />
      <trkpt lat="35.71483700" lon="139.77650540" />
      <trkpt lat="35.71484360" lon="139.77645800" />
      <trkpt lat="35.71491110" lon="139.77630090" />
      <trkpt lat="35.71490640" lon="139.77622580" />
      <trkpt lat="35.71488950" lon="139.77615420" />
      <trkpt lat="35.71484360" lon="139.77611380" />
      <trkpt lat="35.71471280" lon="139.77602660" />
      <trkpt lat="35.71466300" lon="139.77602020" />
      <trkpt lat="35.71464610" lon="139.77601430" />
      <trkpt lat="35.71455360" lon="139.77599960" />
      <trkpt lat="35.71438320" lon="139.77596260" />
      <trkpt lat="35.71423560" lon="139.77594930" />
      <trkpt lat="35.71420880" lon="139.77598310" />
      <trkpt lat="35.71402370" lon="139.77585610" />
      <trkpt lat="35.71397210" lon="139.77582660" />
      <trkpt lat="35.71387750" lon="139.77577250" />
      <trkpt lat="35.71387190" lon="139.77576990" />
      <trkpt lat="35.71378260" lon="139.77572880" />
      <trkpt lat="35.71371610" lon="139.77571950" />
      <trkpt lat="35.71349380" lon="139.77563610" />
      <trkpt lat="35.71315440" lon="139.77545880" />
      <trkpt lat="35.71295490" lon="139.77531530" />
      <trkpt lat="35.71275740" lon="139.77515380" />
      <trkpt lat="35.71273740" lon="139.77514050" />
      <trkpt lat="35.71251610" lon="139.77499780" />
      <trkpt lat="35.71248690" lon="139.77497980" />
      <trkpt lat="35.71237850" lon="139.77491350" />
      <trkpt lat="35.71235910" lon="139.77490310" />
      <trkpt lat="35.71236930" lon="139.77487230" />
      <trkpt lat="35.71232530" lon="139.77485100" />
      <trkpt lat="35.71230880" lon="139.77489410" />
      <trkpt lat="35.71229450" lon="139.77493320" />
      <trkpt lat="35.71227500" lon="139.77498090" />
      <trkpt lat="35.71226970" lon="139.77499400" />
      <trkpt lat="35.71239000" lon="139.77506980" />
      <trkpt lat="35.71238240" lon="139.77509110" />
      <trkpt lat="35.71229900" lon="139.77532690" />
      <trkpt lat="35.71222220" lon="139.77554410" />
      <trkpt lat="35.71235130" lon="139.77562060" />
      <trkpt lat="35.71256570" lon="139.77586370" />
      <trkpt lat="35.71261830" lon="139.77594910" />
      <trkpt lat="35.71263130" lon="139.77600670" />
      <trkpt lat="35.71247108" lon="139.77638124" />
      <trkpt lat="35.71243230" lon="139.77647190" />
      <trkpt lat="35.71228140" lon="139.77660910" />
      <trkpt lat="35.71226490" lon="139.77662330" />
      <trkpt lat="35.71223300" lon="139.77662190" />
      <trkpt lat="35.71215480" lon="139.77652630" />
      <trkpt lat="35.71211100" lon="139.77647190" />
      <trkpt lat="35.71209250" lon="139.77649330" />
      <trkpt lat="35.71208560" lon="139.77650080" />
      <trkpt lat="35.71198970" lon="139.77660400" />
      <trkpt lat="35.71188720" lon="139.77643710" />
      <trkpt lat="35.71179060" lon="139.77630740" />
      <trkpt lat="35.71177400" lon="139.77631680" />
      <trkpt lat="35.71174960" lon="139.77633120" />
      <trkpt lat="35.71171020" lon="139.77627520" />
      <trkpt lat="35.71164850" lon="139.77615770" />
      <trkpt lat="35.71162390" lon="139.77605270" />
      <trkpt lat="35.71155400" lon="139.77574370" />
      <trkpt lat="35.71145140" lon="139.77570550" />
      <trkpt lat="35.71138070" lon="139.77567920" />
      <trkpt lat="35.71123910" lon="139.77565220" />
      <trkpt lat="35.71103830" lon="139.77561390" />
      <trkpt lat="35.71092390" lon="139.77559800" />
      <trkpt lat="35.71030420" lon="139.77555690" />
      <trkpt lat="35.71026590" lon="139.77555310" />
      <trkpt lat="35.70895980" lon="139.77545370" />
      <trkpt lat="35.70890150" lon="139.77544950" />
      <trkpt lat="35.70889840" lon="139.77523020" />
      <trkpt lat="35.70884120" lon="139.77522720" />
      <trkpt lat="35.70877190" lon="139.77522370" />
      <trkpt lat="35.70840780" lon="139.77520520" />
      <trkpt lat="35.70834520" lon="139.77519790" />
      <trkpt lat="35.70808710" lon="139.77516760" />
      <trkpt lat="35.70787260" lon="139.77513030" />
      <trkpt lat="35.70787500" lon="139.77509730" />
      <trkpt lat="35.70785150" lon="139.77506210" />
      <trkpt lat="35.70778200" lon="139.77504810" />
      <trkpt lat="35.70770930" lon="139.77503350" />
      <trkpt lat="35.70772860" lon="139.77483490" />
      <trkpt lat="35.70764500" lon="139.77481970" />
      <trkpt lat="35.70760494" lon="139.77481252" />
      <trkpt lat="35.70764500" lon="139.77481970" />
      <trkpt lat="35.70761900" lon="139.77508280" />
      <trkpt lat="35.70757675" lon="139.77507594" />
      <trkpt lat="35.70732760" lon="139.77503550" />
      <trkpt lat="35.70677010" lon="139.77494490" />
      <trkpt lat="35.70671690" lon="139.77493290" />
      <trkpt lat="35.70668010" lon="139.77492460" />
      <trkpt lat="35.70597480" lon="139.77476600" />
      <trkpt lat="35.70592940" lon="139.77475540" />
      <trkpt lat="35.70588610" lon="139.77474740" />
      <trkpt lat="35.70582610" lon="139.77473630" />
      <trkpt lat="35.70570170" lon="139.77471330" />
      <trkpt lat="35.70565470" lon="139.77470560" />
      <trkpt lat="35.70520130" lon="139.77463160" />
      <trkpt lat="35.70493910" lon="139.77458350" />
      <trkpt lat="35.70489870" lon="139.77457620" />
      <trkpt lat="35.70486510" lon="139.77457010" />
      <trkpt lat="35.70478330" lon="139.77455600" />
      <trkpt lat="35.70457050" lon="139.77451920" />
      <trkpt lat="35.70435620" lon="139.77448210" />
      <trkpt lat="35.70431790" lon="139.77447650" />
      <trkpt lat="35.70426350" lon="139.77446860" />
      <trkpt lat="35.70416500" lon="139.77445320" />
      <trkpt lat="35.70381110" lon="139.77440020" />
      <trkpt lat="35.70372950" lon="139.77438800" />
      <trkpt lat="35.70361440" lon="139.77438560" />
      <trkpt lat="35.70348710" lon="139.77438300" />
      <trkpt lat="35.70333600" lon="139.77440060" />
      <trkpt lat="35.70329020" lon="139.77440680" />
      <trkpt lat="35.70325160" lon="139.77442240" />
      <trkpt lat="35.70285770" lon="139.77445780" />
      <trkpt lat="35.70285160" lon="139.77449950" />
      <trkpt lat="35.70284110" lon="139.77452950" />
      <trkpt lat="35.70283940" lon="139.77454960" />
      <trkpt lat="35.70277320" lon="139.77454470" />
      <trkpt lat="35.70273670" lon="139.77454310" />
      <trkpt lat="35.70268420" lon="139.77454070" />
      <trkpt lat="35.70264570" lon="139.77453980" />
      <trkpt lat="35.70263990" lon="139.77449840" />
      <trkpt lat="35.70261960" lon="139.77447380" />
      <trkpt lat="35.70229740" lon="139.77448590" />
      <trkpt lat="35.70203890" lon="139.77450260" />
      <trkpt lat="35.70174830" lon="139.77451250" />
      <trkpt lat="35.70171240" lon="139.77451880" />
      <trkpt lat="35.70167640" lon="139.77455440" />
      <trkpt lat="35.70161360" lon="139.77457000" />
      <trkpt lat="35.70154590" lon="139.77458690" />
      <trkpt lat="35.70149750" lon="139.77455090" />
      <trkpt lat="35.70150500" lon="139.77444900" />
      <trkpt lat="35.70151140" lon="139.77436180" />
      <trkpt lat="35.70145410" lon="139.77436470" />
      <trkpt lat="35.70093530" lon="139.77437870" />
      <trkpt lat="35.70076740" lon="139.77437820" />
      <trkpt lat="35.70060730" lon="139.77436480" />
      <trkpt lat="35.70058130" lon="139.77436200" />
      <trkpt lat="35.70034650" lon="139.77433660" />
      <trkpt lat="35.70017410" lon="139.77431520" />
      <trkpt lat="35.70012540" lon="139.77430920" />
      <trkpt lat="35.70009660" lon="139.77430560" />
      <trkpt lat="35.69997780" lon="139.77429100" />
      <trkpt lat="35.69954550" lon="139.77424340" />
      <trkpt lat="35.69952150" lon="139.77421060" />
      <trkpt lat="35.69948860" lon="139.77420700" />
      <trkpt lat="35.69945380" lon="139.77420320" />
      <trkpt lat="35.69941990" lon="139.77420060" />
      <trkpt lat="35.69939550" lon="139.77419880" />
      <trkpt lat="35.69935330" lon="139.77420970" />
      <trkpt lat="35.69916030" lon="139.77417790" />
      <trkpt lat="35.69912290" lon="139.77417260" />
      <trkpt lat="35.69892310" lon="139.77414630" />
      <trkpt lat="35.69878370" lon="139.77412790" />
      <trkpt lat="35.69874330" lon="139.77412130" />
      <trkpt lat="35.69864710" lon="139.77410090" />
      <trkpt lat="35.69861330" lon="139.77409270" />
      <trkpt lat="35.69855570" lon="139.77408080" />
      <trkpt lat="35.69857300" lon="139.77388950" />
      <trkpt lat="35.69849600" lon="139.77388190" />
      <trkpt lat="35.69845960" lon="139.77387700" />
      <trkpt lat="35.69830850" lon="139.77385910" />
      <trkpt lat="35.69829990" lon="139.77384370" />
      <trkpt lat="35.69830900" lon="139.77372610" />
      <trkpt lat="35.69830901" lon="139.77372600" />
      <trkpt lat="35.69830900" lon="139.77372610" />
      <trkpt lat="35.69829990" lon="139.77384370" />
      <trkpt lat="35.69828890" lon="139.77385720" />
      <trkpt lat="35.69812720" lon="139.77384220" />
      <trkpt lat="35.69811840" lon="139.77398070" />
      <trkpt lat="35.69792370" lon="139.77390710" />
      <trkpt lat="35.69790820" lon="139.77390120" />
      <trkpt lat="35.69788310" lon="139.77389140" />
      <trkpt lat="35.69767660" lon="139.77381090" />
      <trkpt lat="35.69763420" lon="139.77379250" />
      <trkpt lat="35.69761900" lon="139.77374820" />
      <trkpt lat="35.69757910" lon="139.77374750" />
      <trkpt lat="35.69751110" lon="139.77374650" />
      <trkpt lat="35.69745610" lon="139.77374520" />
      <trkpt lat="35.69745890" lon="139.77340630" />
      <trkpt lat="35.69738120" lon="139.77340340" />
      <trkpt lat="35.69720190" lon="139.77339330" />
      <trkpt lat="35.69713890" lon="139.77336430" />
      <trkpt lat="35.69678540" lon="139.77321250" />
      <trkpt lat="35.69665220" lon="139.77318840" />
      <trkpt lat="35.69660160" lon="139.77317610" />
      <trkpt lat="35.69655190" lon="139.77316390" />
      <trkpt lat="35.69654970" lon="139.77319850" />
      <trkpt lat="35.69618000" lon="139.77310780" />
      <trkpt lat="35.69581340" lon="139.77300940" />
      <trkpt lat="35.69581490" lon="139.77296800" />
      <trkpt lat="35.69581580" lon="139.77294420" />
      <trkpt lat="35.69573380" lon="139.77292240" />
      <trkpt lat="35.69573140" lon="139.77292180" />
      <trkpt lat="35.69561280" lon="139.77288900" />
      <trkpt lat="35.69553340" lon="139.77286700" />
      <trkpt lat="35.69553100" lon="139.77294810" />
      <trkpt lat="35.69548880" lon="139.77292790" />
      <trkpt lat="35.69533350" lon="139.77285350" />
      <trkpt lat="35.69486390" lon="139.77262670" />
      <trkpt lat="35.69481860" lon="139.77260480" />
      <trkpt lat="35.69475450" lon="139.77257390" />
      <trkpt lat="35.69471180" lon="139.77255330" />
      <trkpt lat="35.69468490" lon="139.77254030" />
      <trkpt lat="35.69420670" lon="139.77230930" />
      <trkpt lat="35.69413340" lon="139.77227830" />
      <trkpt lat="35.69346430" lon="139.77199530" />
      <trkpt lat="35.69334990" lon="139.77194860" />
      <trkpt lat="35.69326850" lon="139.77191940" />
      <trkpt lat="35.69320130" lon="139.77189710" />
      <trkpt lat="35.69313820" lon="139.77186900" />
      <trkpt lat="35.69295310" lon="139.77180660" />
      <trkpt lat="35.69246680" lon="139.77166030" />
      <trkpt lat="35.69233760" lon="139.77158840" />
      <trkpt lat="35.69229140" lon="139.77160900" />
      <trkpt lat="35.69213930" lon="139.77166770" />
      <trkpt lat="35.69209280" lon="139.77168670" />
      <trkpt lat="35.69206100" lon="139.77169940" />
      <trkpt lat="35.69204050" lon="139.77162800" />
      <trkpt lat="35.69200170" lon="139.77154150" />
      <trkpt lat="35.69197110" lon="139.77147310" />
      <trkpt lat="35.69190640" lon="139.77142930" />
      <trkpt lat="35.69154210" lon="139.77124520" />
      <trkpt lat="35.69107890" lon="139.77099320" />
      <trkpt lat="35.69108680" lon="139.77094540" />
      <trkpt lat="35.69107890" lon="139.77099320" />
      <trkpt lat="35.69107120" lon="139.77098901" />
      <trkpt lat="35.69088290" lon="139.77088650" />
      <trkpt lat="35.69086710" lon="139.77088040" />
      <trkpt lat="35.69068030" lon="139.77082580" />
      <trkpt lat="35.69060810" lon="139.77079750" />
      <trkpt lat="35.69055200" lon="139.77076910" />
      <trkpt lat="35.69050240" lon="139.77074220" />
      <trkpt lat="35.69043600" lon="139.77070420" />
      <trkpt lat="35.69037370" lon="139.77070800" />
      <trkpt lat="35.69027980" lon="139.77067950" />
      <trkpt lat="35.68975660" lon="139.77052420" />
      <trkpt lat="35.68970110" lon="139.77050920" />
      <trkpt lat="35.68965500" lon="139.77049550" />
      <trkpt lat="35.68937870" lon="139.77035100" />
      <trkpt lat="35.68912290" lon="139.77024380" />
      <trkpt lat="35.68901550" lon="139.77019880" />
      <trkpt lat="35.68896730" lon="139.77022240" />
      <trkpt lat="35.68850280" lon="139.77003670" />
      <trkpt lat="35.68793770" lon="139.76981080" />
      <trkpt lat="35.68776750" lon="139.76996270" />
      <trkpt lat="35.68768260" lon="139.76988500" />
      <trkpt lat="35.68759770" lon="139.76981140" />
      <trkpt lat="35.68757550" lon="139.76981820" />
      <trkpt lat="35.68755690" lon="139.76981980" />
      <trkpt lat="35.68753950" lon="139.76981720" />
      <trkpt lat="35.68738110" lon="139.76969530" />
      <trkpt lat="35.68705020" lon="139.76939900" />
      <trkpt lat="35.68669770" lon="139.76911950" />
      <trkpt lat="35.68628880" lon="139.76897250" />
      <trkpt lat="35.68619050" lon="139.76893770" />
      <trkpt lat="35.68608940" lon="139.76890180" />
      <trkpt lat="35.68617850" lon="139.76848910" />
      <trkpt lat="35.68618340" lon="139.76839730" />
      <trkpt lat="35.68619380" lon="139.76826590" />
      <trkpt lat="35.68452100" lon="139.76762670" />
      <trkpt lat="35.68450020" lon="139.76754910" />
      <trkpt lat="35.68453110" lon="139.76742110" />
      <trkpt lat="35.68445540" lon="139.76739770" />
      <trkpt lat="35.68434630" lon="139.76736110" />
      <trkpt lat="35.68430100" lon="139.76734640" />
      <trkpt lat="35.68426440" lon="139.76733450" />
      <trkpt lat="35.68421890" lon="139.76737160" />
      <trkpt lat="35.68398270" lon="139.76725980" />
      <trkpt lat="35.68364360" lon="139.76708320" />
      <trkpt lat="35.68361390" lon="139.76706820" />
      <trkpt lat="35.68328950" lon="139.76690430" />
      <trkpt lat="35.68323240" lon="139.76687540" />
      <trkpt lat="35.68316610" lon="139.76680570" />
      <trkpt lat="35.68313460" lon="139.76674430" />
      <trkpt lat="35.68312330" lon="139.76672220" />
      <trkpt lat="35.68306540" lon="139.76660190" />
      <trkpt lat="35.68289420" lon="139.76624640" />
      <trkpt lat="35.68285550" lon="139.76616600" />
      <trkpt lat="35.68282310" lon="139.76619020" />
      <trkpt lat="35.68277060" lon="139.76619800" />
      <trkpt lat="35.68270980" lon="139.76620290" />
      <trkpt lat="35.68268190" lon="139.76620470" />
      <trkpt lat="35.68263260" lon="139.76620750" />
      <trkpt lat="35.68256490" lon="139.76621030" />
      <trkpt lat="35.68255090" lon="139.76621030" />
      <trkpt lat="35.68248510" lon="139.76599270" />
      <trkpt lat="35.68245770" lon="139.76596260" />
      <trkpt lat="35.68238230" lon="139.76593790" />
      <trkpt lat="35.68233700" lon="139.76596800" />
      <trkpt lat="35.68209540" lon="139.76589050" />
      <trkpt lat="35.68190830" lon="139.76582850" />
      <trkpt lat="35.68178540" lon="139.76585050" />
      <trkpt lat="35.68163710" lon="139.76580030" />
      <trkpt lat="35.68160810" lon="139.76579050" />
      <trkpt lat="35.68145080" lon="139.76573720" />
      <trkpt lat="35.68130830" lon="139.76568900" />
      <trkpt lat="35.68126700" lon="139.76567500" />
      <trkpt lat="35.68109830" lon="139.76569090" />
      <trkpt lat="35.68104900" lon="139.76567420" />
      <trkpt lat="35.68081520" lon="139.76558700" />
      <trkpt lat="35.68076490" lon="139.76556830" />
      <trkpt lat="35.68075640" lon="139.76560820" />
      <trkpt lat="35.68051870" lon="139.76573670" />
      <trkpt lat="35.68049925" lon="139.76581809" />
    </trkseg>
  </trk>
</gpx>
