<?xml version="1.0" encoding="UTF-8"?>
<gpx version="1.1" creator="Tiny爪 Hermes Agent"
  xmlns="http://www.topografix.com/GPX/1/1"
  xmlns:xsi="http://www.w3.org/2001/XMLSchema-instance"
  xsi:schemaLocation="http://www.topografix.com/GPX/1/1 http://www.topografix.com/GPX/1/1/gpx.xsd">
  <metadata>
    <name>山手線 Walking/Running Loop</name>
    <desc>Yamanote Line Loop - Walking/Running Route along the iconic Tokyo loop line (~42km)</desc>
    <time>2026-04-27T13:01:09Z</time>
    <author><name>Tiny爪</name></author>
  </metadata>
  <!-- Station Waypoints -->
  <wpt lat="35.680596" lon="139.7649711">
    <name>東京</name>
    <sym>railroad-station</sym>
  </wpt>
  <wpt lat="35.6952811" lon="139.7704909">
    <name>神田</name>
    <sym>railroad-station</sym>
  </wpt>
  <wpt lat="35.6975272" lon="139.7726042">
    <name>秋葉原</name>
    <sym>railroad-station</sym>
  </wpt>
  <wpt lat="35.7069531" lon="139.7746303">
    <name>御徒町</name>
    <sym>railroad-station</sym>
  </wpt>
  <wpt lat="35.7119727" lon="139.7770064">
    <name>上野</name>
    <sym>railroad-station</sym>
  </wpt>
  <wpt lat="35.7217035" lon="139.7779166">
    <name>鶯谷</name>
    <sym>railroad-station</sym>
  </wpt>
  <wpt lat="35.7280064" lon="139.7713776">
    <name>日暮里</name>
    <sym>railroad-station</sym>
  </wpt>
  <wpt lat="35.7325841" lon="139.7672175">
    <name>西日暮里</name>
    <sym>railroad-station</sym>
  </wpt>
  <wpt lat="35.7382487" lon="139.7602545">
    <name>田端</name>
    <sym>railroad-station</sym>
  </wpt>
  <wpt lat="35.7365848" lon="139.7472412">
    <name>駒込</name>
    <sym>railroad-station</sym>
  </wpt>
  <wpt lat="35.7334119" lon="139.7394273">
    <name>巣鴨</name>
    <sym>railroad-station</sym>
  </wpt>
  <wpt lat="35.7316851" lon="139.7285879">
    <name>大塚</name>
    <sym>railroad-station</sym>
  </wpt>
  <wpt lat="35.7304435" lon="139.7088754">
    <name>池袋</name>
    <sym>railroad-station</sym>
  </wpt>
  <wpt lat="35.7217272" lon="139.7065622">
    <name>目白</name>
    <sym>railroad-station</sym>
  </wpt>
  <wpt lat="35.7126401" lon="139.7038744">
    <name>高田馬場</name>
    <sym>railroad-station</sym>
  </wpt>
  <wpt lat="35.7014948" lon="139.6999322">
    <name>新大久保</name>
    <sym>railroad-station</sym>
  </wpt>
  <wpt lat="35.6895" lon="139.7004">
    <name>新宿</name>
    <sym>railroad-station</sym>
  </wpt>
  <wpt lat="35.6839463" lon="139.701656">
    <name>代々木</name>
    <sym>railroad-station</sym>
  </wpt>
  <wpt lat="35.6705019" lon="139.7024144">
    <name>原宿</name>
    <sym>railroad-station</sym>
  </wpt>
  <wpt lat="35.6589669" lon="139.7003538">
    <name>渋谷</name>
    <sym>railroad-station</sym>
  </wpt>
  <wpt lat="35.6464413" lon="139.7102082">
    <name>恵比寿</name>
    <sym>railroad-station</sym>
  </wpt>
  <wpt lat="35.6193903" lon="139.7284866">
    <name>大崎</name>
    <sym>railroad-station</sym>
  </wpt>
  <wpt lat="35.6264901" lon="139.7243449">
    <name>五反田</name>
    <sym>railroad-station</sym>
  </wpt>
  <wpt lat="35.6325078" lon="139.7157717">
    <name>目黒</name>
    <sym>railroad-station</sym>
  </wpt>
  <wpt lat="35.6280038" lon="139.7380078">
    <name>品川</name>
    <sym>railroad-station</sym>
  </wpt>
  <wpt lat="35.6354" lon="139.7407">
    <name>高輪ゲートウェイ</name>
    <sym>railroad-station</sym>
  </wpt>
  <wpt lat="35.6456672" lon="139.7474647">
    <name>田町</name>
    <sym>railroad-station</sym>
  </wpt>
  <wpt lat="35.6551111" lon="139.7570622">
    <name>浜松町</name>
    <sym>railroad-station</sym>
  </wpt>
  <wpt lat="35.6669152" lon="139.758519">
    <name>新橋</name>
    <sym>railroad-station</sym>
  </wpt>
  <wpt lat="35.6755999" lon="139.7633033">
    <name>有楽町</name>
    <sym>railroad-station</sym>
  </wpt>
  <trk>
    <name>山手線 Walking Loop</name>
    <type>walking</type>
    <trkseg>
      <trkpt lat="35.680592" lon="139.764961">
      </trkpt>
      <trkpt lat="35.68072" lon="139.76488">
      </trkpt>
      <trkpt lat="35.680743" lon="139.764865">
      </trkpt>
      <trkpt lat="35.680921" lon="139.764745">
      </trkpt>
      <trkpt lat="35.680954" lon="139.764728">
      </trkpt>
      <trkpt lat="35.680983" lon="139.764719">
      </trkpt>
      <trkpt lat="35.681012" lon="139.76472">
      </trkpt>
      <trkpt lat="35.681153" lon="139.764763">
      </trkpt>
      <trkpt lat="35.681176" lon="139.764771">
      </trkpt>
      <trkpt lat="35.681194" lon="139.764785">
      </trkpt>
      <trkpt lat="35.681206" lon="139.764797">
      </trkpt>
      <trkpt lat="35.681214" lon="139.764815">
      </trkpt>
      <trkpt lat="35.681216" lon="139.76484">
      </trkpt>
      <trkpt lat="35.681208" lon="139.764877">
      </trkpt>
      <trkpt lat="35.681166" lon="139.765068">
      </trkpt>
      <trkpt lat="35.681156" lon="139.765089">
      </trkpt>
      <trkpt lat="35.681141" lon="139.765106">
      </trkpt>
      <trkpt lat="35.681126" lon="139.765118">
      </trkpt>
      <trkpt lat="35.681108" lon="139.765127">
      </trkpt>
      <trkpt lat="35.681089" lon="139.765131">
      </trkpt>
      <trkpt lat="35.681068" lon="139.765129">
      </trkpt>
      <trkpt lat="35.680967" lon="139.76509">
      </trkpt>
      <trkpt lat="35.68092" lon="139.765072">
      </trkpt>
      <trkpt lat="35.680856" lon="139.765055">
      </trkpt>
      <trkpt lat="35.680802" lon="139.765055">
      </trkpt>
      <trkpt lat="35.680748" lon="139.765058">
      </trkpt>
      <trkpt lat="35.680666" lon="139.765069">
      </trkpt>
      <trkpt lat="35.680582" lon="139.765096">
      </trkpt>
      <trkpt lat="35.680529" lon="139.765107">
      </trkpt>
      <trkpt lat="35.680474" lon="139.765107">
      </trkpt>
      <trkpt lat="35.680434" lon="139.7651">
      </trkpt>
      <trkpt lat="35.680356" lon="139.765075">
      </trkpt>
      <trkpt lat="35.680261" lon="139.76498">
      </trkpt>
      <trkpt lat="35.680378" lon="139.764471">
      </trkpt>
      <trkpt lat="35.680389" lon="139.764425">
      </trkpt>
      <trkpt lat="35.680426" lon="139.764244">
      </trkpt>
      <trkpt lat="35.680637" lon="139.764317">
      </trkpt>
      <trkpt lat="35.680681" lon="139.764331">
      </trkpt>
      <trkpt lat="35.681338" lon="139.764548">
      </trkpt>
      <trkpt lat="35.681374" lon="139.76456">
      </trkpt>
      <trkpt lat="35.681502" lon="139.764602">
      </trkpt>
      <trkpt lat="35.681686" lon="139.764664">
      </trkpt>
      <trkpt lat="35.68187" lon="139.764728">
      </trkpt>
      <trkpt lat="35.681985" lon="139.764766">
      </trkpt>
      <trkpt lat="35.68202" lon="139.764778">
      </trkpt>
      <trkpt lat="35.682705" lon="139.765004">
      </trkpt>
      <trkpt lat="35.682959" lon="139.765084">
      </trkpt>
      <trkpt lat="35.683113" lon="139.765137">
      </trkpt>
      <trkpt lat="35.683365" lon="139.765222">
      </trkpt>
      <trkpt lat="35.684248" lon="139.765518">
      </trkpt>
      <trkpt lat="35.684588" lon="139.765644">
      </trkpt>
      <trkpt lat="35.684699" lon="139.76569">
      </trkpt>
      <trkpt lat="35.684763" lon="139.765717">
      </trkpt>
      <trkpt lat="35.684826" lon="139.765743">
      </trkpt>
      <trkpt lat="35.684922" lon="139.765783">
      </trkpt>
      <trkpt lat="35.685114" lon="139.76585">
      </trkpt>
      <trkpt lat="35.685298" lon="139.7659">
      </trkpt>
      <trkpt lat="35.685935" lon="139.766055">
      </trkpt>
      <trkpt lat="35.685997" lon="139.766068">
      </trkpt>
      <trkpt lat="35.686386" lon="139.766151">
      </trkpt>
      <trkpt lat="35.68648" lon="139.766174">
      </trkpt>
      <trkpt lat="35.686543" lon="139.766188">
      </trkpt>
      <trkpt lat="35.686649" lon="139.766212">
      </trkpt>
      <trkpt lat="35.687298" lon="139.766354">
      </trkpt>
      <trkpt lat="35.687621" lon="139.766425">
      </trkpt>
      <trkpt lat="35.688552" lon="139.766634">
      </trkpt>
      <trkpt lat="35.688684" lon="139.766665">
      </trkpt>
      <trkpt lat="35.689052" lon="139.766751">
      </trkpt>
      <trkpt lat="35.689459" lon="139.76685">
      </trkpt>
      <trkpt lat="35.689595" lon="139.766883">
      </trkpt>
      <trkpt lat="35.689728" lon="139.766915">
      </trkpt>
      <trkpt lat="35.689982" lon="139.766971">
      </trkpt>
      <trkpt lat="35.690075" lon="139.766991">
      </trkpt>
      <trkpt lat="35.690181" lon="139.767014">
      </trkpt>
      <trkpt lat="35.690314" lon="139.767043">
      </trkpt>
      <trkpt lat="35.690406" lon="139.767067">
      </trkpt>
      <trkpt lat="35.69057" lon="139.7671">
      </trkpt>
      <trkpt lat="35.690647" lon="139.767118">
      </trkpt>
      <trkpt lat="35.690744" lon="139.76714">
      </trkpt>
      <trkpt lat="35.691002" lon="139.767199">
      </trkpt>
      <trkpt lat="35.691253" lon="139.767256">
      </trkpt>
      <trkpt lat="35.691308" lon="139.76727">
      </trkpt>
      <trkpt lat="35.69135" lon="139.76728">
      </trkpt>
      <trkpt lat="35.691708" lon="139.76735">
      </trkpt>
      <trkpt lat="35.691795" lon="139.767372">
      </trkpt>
      <trkpt lat="35.692054" lon="139.767426">
      </trkpt>
      <trkpt lat="35.69218" lon="139.767452">
      </trkpt>
      <trkpt lat="35.692326" lon="139.767454">
      </trkpt>
      <trkpt lat="35.692768" lon="139.767459">
      </trkpt>
      <trkpt lat="35.693192" lon="139.767463">
      </trkpt>
      <trkpt lat="35.693286" lon="139.767464">
      </trkpt>
      <trkpt lat="35.693395" lon="139.767465">
      </trkpt>
      <trkpt lat="35.693545" lon="139.767466">
      </trkpt>
      <trkpt lat="35.693752" lon="139.767467">
      </trkpt>
      <trkpt lat="35.693933" lon="139.767468">
      </trkpt>
      <trkpt lat="35.694387" lon="139.767472">
      </trkpt>
      <trkpt lat="35.694437" lon="139.767471">
      </trkpt>
      <trkpt lat="35.694526" lon="139.767473">
      </trkpt>
      <trkpt lat="35.69478" lon="139.767478">
      </trkpt>
      <trkpt lat="35.694818" lon="139.767479">
      </trkpt>
      <trkpt lat="35.695139" lon="139.767483">
      </trkpt>
      <trkpt lat="35.695208" lon="139.767484">
      </trkpt>
      <trkpt lat="35.695349" lon="139.767489">
      </trkpt>
      <trkpt lat="35.695426" lon="139.767485">
      </trkpt>
      <trkpt lat="35.695484" lon="139.767482">
      </trkpt>
      <trkpt lat="35.69555" lon="139.767655">
      </trkpt>
      <trkpt lat="35.695607" lon="139.767818">
      </trkpt>
      <trkpt lat="35.695743" lon="139.76817">
      </trkpt>
      <trkpt lat="35.695837" lon="139.768431">
      </trkpt>
      <trkpt lat="35.695887" lon="139.768618">
      </trkpt>
      <trkpt lat="35.6959" lon="139.768857">
      </trkpt>
      <trkpt lat="35.695869" lon="139.769787">
      </trkpt>
      <trkpt lat="35.695866" lon="139.769843">
      </trkpt>
      <trkpt lat="35.69586" lon="139.769984">
      </trkpt>
      <trkpt lat="35.695847" lon="139.770289">
      </trkpt>
      <trkpt lat="35.695843" lon="139.770403">
      </trkpt>
      <trkpt lat="35.695836" lon="139.770542">
      </trkpt>
      <trkpt lat="35.695719" lon="139.770495">
      </trkpt>
      <trkpt lat="35.695579" lon="139.770437">
      </trkpt>
      <trkpt lat="35.695348" lon="139.770346">
      </trkpt>
      <trkpt lat="35.695291" lon="139.770331">
      </trkpt>
      <trkpt lat="35.695277" lon="139.770332">
      </trkpt>
      <trkpt lat="35.695241" lon="139.770333">
      </trkpt>
      <trkpt lat="35.695188" lon="139.770345">
      </trkpt>
      <trkpt lat="35.694871" lon="139.770476">
      </trkpt>
      <trkpt lat="35.694429" lon="139.770657">
      </trkpt>
      <trkpt lat="35.694382" lon="139.770676">
      </trkpt>
      <trkpt lat="35.694284" lon="139.770716">
      </trkpt>
      <trkpt lat="35.694258" lon="139.77062">
      </trkpt>
      <trkpt lat="35.694356" lon="139.770579">
      </trkpt>
      <trkpt lat="35.694869" lon="139.77037">
      </trkpt>
      <trkpt lat="35.695068" lon="139.770289">
      </trkpt>
      <trkpt lat="35.695223" lon="139.770241">
      </trkpt>
      <trkpt lat="35.695288" lon="139.770228">
      </trkpt>
      <trkpt lat="35.695343" lon="139.770229">
      </trkpt>
      <trkpt lat="35.695386" lon="139.770238">
      </trkpt>
      <trkpt lat="35.695476" lon="139.770262">
      </trkpt>
      <trkpt lat="35.695531" lon="139.770282">
      </trkpt>
      <trkpt lat="35.695594" lon="139.770306">
      </trkpt>
      <trkpt lat="35.695724" lon="139.770357">
      </trkpt>
      <trkpt lat="35.695843" lon="139.770403">
      </trkpt>
      <trkpt lat="35.695975" lon="139.770455">
      </trkpt>
      <trkpt lat="35.696791" lon="139.770776">
      </trkpt>
      <trkpt lat="35.697033" lon="139.770873">
      </trkpt>
      <trkpt lat="35.69727" lon="139.770968">
      </trkpt>
      <trkpt lat="35.697416" lon="139.771026">
      </trkpt>
      <trkpt lat="35.697444" lon="139.771036">
      </trkpt>
      <trkpt lat="35.697599" lon="139.771091">
      </trkpt>
      <trkpt lat="35.697681" lon="139.771111">
      </trkpt>
      <trkpt lat="35.697636" lon="139.771249">
      </trkpt>
      <trkpt lat="35.697606" lon="139.771421">
      </trkpt>
      <trkpt lat="35.697601" lon="139.771793">
      </trkpt>
      <trkpt lat="35.69759" lon="139.772101">
      </trkpt>
      <trkpt lat="35.697586" lon="139.772389">
      </trkpt>
      <trkpt lat="35.697585" lon="139.772449">
      </trkpt>
      <trkpt lat="35.697584" lon="139.772529">
      </trkpt>
      <trkpt lat="35.697584" lon="139.772624">
      </trkpt>
      <trkpt lat="35.697579" lon="139.773688">
      </trkpt>
      <trkpt lat="35.697579" lon="139.773748">
      </trkpt>
      <trkpt lat="35.697578" lon="139.773859">
      </trkpt>
      <trkpt lat="35.697577" lon="139.773936">
      </trkpt>
      <trkpt lat="35.69751" lon="139.773859">
      </trkpt>
      <trkpt lat="35.697511" lon="139.773747">
      </trkpt>
      <trkpt lat="35.697527" lon="139.772684">
      </trkpt>
      <trkpt lat="35.697527" lon="139.772624">
      </trkpt>
      <trkpt lat="35.697527" lon="139.772604">
      </trkpt>
      <trkpt lat="35.697527" lon="139.772604">
      </trkpt>
      <trkpt lat="35.697526" lon="139.772448">
      </trkpt>
      <trkpt lat="35.697521" lon="139.7721">
      </trkpt>
      <trkpt lat="35.697531" lon="139.771794">
      </trkpt>
      <trkpt lat="35.697601" lon="139.771793">
      </trkpt>
      <trkpt lat="35.69759" lon="139.772101">
      </trkpt>
      <trkpt lat="35.697586" lon="139.772389">
      </trkpt>
      <trkpt lat="35.697585" lon="139.772449">
      </trkpt>
      <trkpt lat="35.697584" lon="139.772529">
      </trkpt>
      <trkpt lat="35.697584" lon="139.772624">
      </trkpt>
      <trkpt lat="35.697579" lon="139.773688">
      </trkpt>
      <trkpt lat="35.697579" lon="139.773748">
      </trkpt>
      <trkpt lat="35.697578" lon="139.773859">
      </trkpt>
      <trkpt lat="35.697577" lon="139.773936">
      </trkpt>
      <trkpt lat="35.697575" lon="139.774052">
      </trkpt>
      <trkpt lat="35.697556" lon="139.774837">
      </trkpt>
      <trkpt lat="35.697554" lon="139.775032">
      </trkpt>
      <trkpt lat="35.697552" lon="139.775206">
      </trkpt>
      <trkpt lat="35.697551" lon="139.775253">
      </trkpt>
      <trkpt lat="35.697548" lon="139.775378">
      </trkpt>
      <trkpt lat="35.698104" lon="139.77538">
      </trkpt>
      <trkpt lat="35.698175" lon="139.775383">
      </trkpt>
      <trkpt lat="35.698728" lon="139.775407">
      </trkpt>
      <trkpt lat="35.698816" lon="139.775409">
      </trkpt>
      <trkpt lat="35.699197" lon="139.775413">
      </trkpt>
      <trkpt lat="35.699277" lon="139.775413">
      </trkpt>
      <trkpt lat="35.699371" lon="139.775416">
      </trkpt>
      <trkpt lat="35.699482" lon="139.775418">
      </trkpt>
      <trkpt lat="35.699604" lon="139.775422">
      </trkpt>
      <trkpt lat="35.700083" lon="139.775429">
      </trkpt>
      <trkpt lat="35.700381" lon="139.775435">
      </trkpt>
      <trkpt lat="35.7006" lon="139.775434">
      </trkpt>
      <trkpt lat="35.700667" lon="139.775436">
      </trkpt>
      <trkpt lat="35.701237" lon="139.775489">
      </trkpt>
      <trkpt lat="35.701529" lon="139.775521">
      </trkpt>
      <trkpt lat="35.701595" lon="139.775529">
      </trkpt>
      <trkpt lat="35.702104" lon="139.775586">
      </trkpt>
      <trkpt lat="35.702524" lon="139.775633">
      </trkpt>
      <trkpt lat="35.702593" lon="139.775639">
      </trkpt>
      <trkpt lat="35.702628" lon="139.775643">
      </trkpt>
      <trkpt lat="35.702672" lon="139.775647">
      </trkpt>
      <trkpt lat="35.702758" lon="139.775657">
      </trkpt>
      <trkpt lat="35.703205" lon="139.775711">
      </trkpt>
      <trkpt lat="35.70362" lon="139.775752">
      </trkpt>
      <trkpt lat="35.704157" lon="139.775799">
      </trkpt>
      <trkpt lat="35.704224" lon="139.775805">
      </trkpt>
      <trkpt lat="35.704317" lon="139.775814">
      </trkpt>
      <trkpt lat="35.704791" lon="139.775858">
      </trkpt>
      <trkpt lat="35.705803" lon="139.775953">
      </trkpt>
      <trkpt lat="35.705866" lon="139.775959">
      </trkpt>
      <trkpt lat="35.705955" lon="139.775969">
      </trkpt>
      <trkpt lat="35.706591" lon="139.776036">
      </trkpt>
      <trkpt lat="35.706595" lon="139.775988">
      </trkpt>
      <trkpt lat="35.706627" lon="139.77564">
      </trkpt>
      <trkpt lat="35.70663" lon="139.775604">
      </trkpt>
      <trkpt lat="35.706662" lon="139.775254">
      </trkpt>
      <trkpt lat="35.706752" lon="139.774998">
      </trkpt>
      <trkpt lat="35.70676" lon="139.774975">
      </trkpt>
      <trkpt lat="35.70677" lon="139.774945">
      </trkpt>
      <trkpt lat="35.706787" lon="139.7749">
      </trkpt>
      <trkpt lat="35.706895" lon="139.774599">
      </trkpt>
      <trkpt lat="35.706942" lon="139.774469">
      </trkpt>
      <trkpt lat="35.706951" lon="139.774444">
      </trkpt>
      <trkpt lat="35.707001" lon="139.774008">
      </trkpt>
      <trkpt lat="35.707408" lon="139.774091">
      </trkpt>
      <trkpt lat="35.707674" lon="139.77414">
      </trkpt>
      <trkpt lat="35.707794" lon="139.774162">
      </trkpt>
      <trkpt lat="35.707866" lon="139.774176">
      </trkpt>
      <trkpt lat="35.707837" lon="139.77449">
      </trkpt>
      <trkpt lat="35.707825" lon="139.774598">
      </trkpt>
      <trkpt lat="35.707822" lon="139.774637">
      </trkpt>
      <trkpt lat="35.707782" lon="139.775048">
      </trkpt>
      <trkpt lat="35.707776" lon="139.775112">
      </trkpt>
      <trkpt lat="35.707768" lon="139.775195">
      </trkpt>
      <trkpt lat="35.707752" lon="139.775362">
      </trkpt>
      <trkpt lat="35.707712" lon="139.775719">
      </trkpt>
      <trkpt lat="35.707681" lon="139.776035">
      </trkpt>
      <trkpt lat="35.707669" lon="139.776159">
      </trkpt>
      <trkpt lat="35.707801" lon="139.776176">
      </trkpt>
      <trkpt lat="35.707871" lon="139.776185">
      </trkpt>
      <trkpt lat="35.708443" lon="139.776246">
      </trkpt>
      <trkpt lat="35.708705" lon="139.776273">
      </trkpt>
      <trkpt lat="35.708901" lon="139.776294">
      </trkpt>
      <trkpt lat="35.709801" lon="139.7764">
      </trkpt>
      <trkpt lat="35.709949" lon="139.776415">
      </trkpt>
      <trkpt lat="35.71002" lon="139.776422">
      </trkpt>
      <trkpt lat="35.710772" lon="139.776496">
      </trkpt>
      <trkpt lat="35.71082" lon="139.7765">
      </trkpt>
      <trkpt lat="35.711251" lon="139.776453">
      </trkpt>
      <trkpt lat="35.711375" lon="139.77644">
      </trkpt>
      <trkpt lat="35.711515" lon="139.776408">
      </trkpt>
      <trkpt lat="35.711551" lon="139.776458">
      </trkpt>
      <trkpt lat="35.711581" lon="139.776503">
      </trkpt>
      <trkpt lat="35.711624" lon="139.776573">
      </trkpt>
      <trkpt lat="35.711905" lon="139.777065">
      </trkpt>
      <trkpt lat="35.711921" lon="139.777093">
      </trkpt>
      <trkpt lat="35.711995" lon="139.777358">
      </trkpt>
      <trkpt lat="35.712104" lon="139.77747">
      </trkpt>
      <trkpt lat="35.712173" lon="139.777595">
      </trkpt>
      <trkpt lat="35.712207" lon="139.777714">
      </trkpt>
      <trkpt lat="35.712253" lon="139.777885">
      </trkpt>
      <trkpt lat="35.712289" lon="139.777963">
      </trkpt>
      <trkpt lat="35.712333" lon="139.778029">
      </trkpt>
      <trkpt lat="35.712369" lon="139.778068">
      </trkpt>
      <trkpt lat="35.712401" lon="139.778098">
      </trkpt>
      <trkpt lat="35.712469" lon="139.778158">
      </trkpt>
      <trkpt lat="35.71273" lon="139.778391">
      </trkpt>
      <trkpt lat="35.713162" lon="139.778678">
      </trkpt>
      <trkpt lat="35.713736" lon="139.779085">
      </trkpt>
      <trkpt lat="35.714597" lon="139.779681">
      </trkpt>
      <trkpt lat="35.714666" lon="139.779727">
      </trkpt>
      <trkpt lat="35.714736" lon="139.779778">
      </trkpt>
      <trkpt lat="35.715466" lon="139.780295">
      </trkpt>
      <trkpt lat="35.716121" lon="139.780753">
      </trkpt>
      <trkpt lat="35.716217" lon="139.78082">
      </trkpt>
      <trkpt lat="35.716352" lon="139.780924">
      </trkpt>
      <trkpt lat="35.716982" lon="139.781411">
      </trkpt>
      <trkpt lat="35.717055" lon="139.781468">
      </trkpt>
      <trkpt lat="35.717156" lon="139.781547">
      </trkpt>
      <trkpt lat="35.717543" lon="139.781852">
      </trkpt>
      <trkpt lat="35.717837" lon="139.782096">
      </trkpt>
      <trkpt lat="35.718067" lon="139.782288">
      </trkpt>
      <trkpt lat="35.718182" lon="139.782389">
      </trkpt>
      <trkpt lat="35.718508" lon="139.782639">
      </trkpt>
      <trkpt lat="35.71867" lon="139.782766">
      </trkpt>
      <trkpt lat="35.718941" lon="139.782978">
      </trkpt>
      <trkpt lat="35.71922" lon="139.783214">
      </trkpt>
      <trkpt lat="35.719326" lon="139.783242">
      </trkpt>
      <trkpt lat="35.719657" lon="139.783506">
      </trkpt>
      <trkpt lat="35.719706" lon="139.783529">
      </trkpt>
      <trkpt lat="35.719737" lon="139.783533">
      </trkpt>
      <trkpt lat="35.719781" lon="139.783532">
      </trkpt>
      <trkpt lat="35.719848" lon="139.783512">
      </trkpt>
      <trkpt lat="35.719865" lon="139.783499">
      </trkpt>
      <trkpt lat="35.719896" lon="139.783476">
      </trkpt>
      <trkpt lat="35.719934" lon="139.783504">
      </trkpt>
      <trkpt lat="35.719949" lon="139.783453">
      </trkpt>
      <trkpt lat="35.720062" lon="139.783098">
      </trkpt>
      <trkpt lat="35.720349" lon="139.782199">
      </trkpt>
      <trkpt lat="35.720367" lon="139.782142">
      </trkpt>
      <trkpt lat="35.720498" lon="139.781714">
      </trkpt>
      <trkpt lat="35.720532" lon="139.781612">
      </trkpt>
      <trkpt lat="35.720573" lon="139.781498">
      </trkpt>
      <trkpt lat="35.720655" lon="139.781348">
      </trkpt>
      <trkpt lat="35.720746" lon="139.781195">
      </trkpt>
      <trkpt lat="35.720787" lon="139.781129">
      </trkpt>
      <trkpt lat="35.720944" lon="139.780912">
      </trkpt>
      <trkpt lat="35.721" lon="139.780842">
      </trkpt>
      <trkpt lat="35.721071" lon="139.78077">
      </trkpt>
      <trkpt lat="35.721168" lon="139.780677">
      </trkpt>
      <trkpt lat="35.721299" lon="139.780556">
      </trkpt>
      <trkpt lat="35.721238" lon="139.780467">
      </trkpt>
      <trkpt lat="35.720975" lon="139.780147">
      </trkpt>
      <trkpt lat="35.720723" lon="139.779833">
      </trkpt>
      <trkpt lat="35.720647" lon="139.779749">
      </trkpt>
      <trkpt lat="35.720613" lon="139.779721">
      </trkpt>
      <trkpt lat="35.720131" lon="139.779333">
      </trkpt>
      <trkpt lat="35.720062" lon="139.779277">
      </trkpt>
      <trkpt lat="35.720002" lon="139.779229">
      </trkpt>
      <trkpt lat="35.719927" lon="139.779166">
      </trkpt>
      <trkpt lat="35.719505" lon="139.778825">
      </trkpt>
      <trkpt lat="35.719251" lon="139.778619">
      </trkpt>
      <trkpt lat="35.719222" lon="139.778587">
      </trkpt>
      <trkpt lat="35.719175" lon="139.778534">
      </trkpt>
      <trkpt lat="35.719214" lon="139.77839">
      </trkpt>
      <trkpt lat="35.719268" lon="139.778307">
      </trkpt>
      <trkpt lat="35.719379" lon="139.77813">
      </trkpt>
      <trkpt lat="35.719484" lon="139.778086">
      </trkpt>
      <trkpt lat="35.719545" lon="139.778038">
      </trkpt>
      <trkpt lat="35.719584" lon="139.777987">
      </trkpt>
      <trkpt lat="35.72041" lon="139.77658">
      </trkpt>
      <trkpt lat="35.720447" lon="139.776615">
      </trkpt>
      <trkpt lat="35.720521" lon="139.776688">
      </trkpt>
      <trkpt lat="35.72066" lon="139.776816">
      </trkpt>
      <trkpt lat="35.720959" lon="139.77709">
      </trkpt>
      <trkpt lat="35.721495" lon="139.777568">
      </trkpt>
      <trkpt lat="35.721432" lon="139.777675">
      </trkpt>
      <trkpt lat="35.721375" lon="139.777772">
      </trkpt>
      <trkpt lat="35.721198" lon="139.778072">
      </trkpt>
      <trkpt lat="35.721164" lon="139.778129">
      </trkpt>
      <trkpt lat="35.72096" lon="139.778394">
      </trkpt>
      <trkpt lat="35.720907" lon="139.778414">
      </trkpt>
      <trkpt lat="35.720791" lon="139.778515">
      </trkpt>
      <trkpt lat="35.720758" lon="139.778507">
      </trkpt>
      <trkpt lat="35.720715" lon="139.77846">
      </trkpt>
      <trkpt lat="35.720686" lon="139.778467">
      </trkpt>
      <trkpt lat="35.720454" lon="139.778799">
      </trkpt>
      <trkpt lat="35.720283" lon="139.778966">
      </trkpt>
      <trkpt lat="35.720119" lon="139.778827">
      </trkpt>
      <trkpt lat="35.719779" lon="139.778538">
      </trkpt>
      <trkpt lat="35.719703" lon="139.778474">
      </trkpt>
      <trkpt lat="35.7196" lon="139.778652">
      </trkpt>
      <trkpt lat="35.719527" lon="139.77878">
      </trkpt>
      <trkpt lat="35.719505" lon="139.778825">
      </trkpt>
      <trkpt lat="35.719927" lon="139.779166">
      </trkpt>
      <trkpt lat="35.720002" lon="139.779229">
      </trkpt>
      <trkpt lat="35.720062" lon="139.779277">
      </trkpt>
      <trkpt lat="35.720131" lon="139.779333">
      </trkpt>
      <trkpt lat="35.720613" lon="139.779721">
      </trkpt>
      <trkpt lat="35.720647" lon="139.779749">
      </trkpt>
      <trkpt lat="35.720723" lon="139.779833">
      </trkpt>
      <trkpt lat="35.720975" lon="139.780147">
      </trkpt>
      <trkpt lat="35.721238" lon="139.780467">
      </trkpt>
      <trkpt lat="35.721299" lon="139.780556">
      </trkpt>
      <trkpt lat="35.721421" lon="139.780446">
      </trkpt>
      <trkpt lat="35.721715" lon="139.780192">
      </trkpt>
      <trkpt lat="35.721916" lon="139.77994">
      </trkpt>
      <trkpt lat="35.722111" lon="139.779733">
      </trkpt>
      <trkpt lat="35.722247" lon="139.779596">
      </trkpt>
      <trkpt lat="35.722368" lon="139.779477">
      </trkpt>
      <trkpt lat="35.722512" lon="139.779321">
      </trkpt>
      <trkpt lat="35.722601" lon="139.779204">
      </trkpt>
      <trkpt lat="35.722668" lon="139.779093">
      </trkpt>
      <trkpt lat="35.722712" lon="139.778999">
      </trkpt>
      <trkpt lat="35.72274" lon="139.778932">
      </trkpt>
      <trkpt lat="35.722765" lon="139.77887">
      </trkpt>
      <trkpt lat="35.722965" lon="139.778302">
      </trkpt>
      <trkpt lat="35.722977" lon="139.77827">
      </trkpt>
      <trkpt lat="35.723014" lon="139.778171">
      </trkpt>
      <trkpt lat="35.723206" lon="139.77821">
      </trkpt>
      <trkpt lat="35.723493" lon="139.778353">
      </trkpt>
      <trkpt lat="35.72374" lon="139.778472">
      </trkpt>
      <trkpt lat="35.72384" lon="139.778515">
      </trkpt>
      <trkpt lat="35.723933" lon="139.778547">
      </trkpt>
      <trkpt lat="35.72402" lon="139.778624">
      </trkpt>
      <trkpt lat="35.724071" lon="139.778461">
      </trkpt>
      <trkpt lat="35.72423" lon="139.778213">
      </trkpt>
      <trkpt lat="35.724367" lon="139.778001">
      </trkpt>
      <trkpt lat="35.724392" lon="139.777963">
      </trkpt>
      <trkpt lat="35.724871" lon="139.777243">
      </trkpt>
      <trkpt lat="35.724943" lon="139.777133">
      </trkpt>
      <trkpt lat="35.72502" lon="139.777018">
      </trkpt>
      <trkpt lat="35.725037" lon="139.776992">
      </trkpt>
      <trkpt lat="35.725097" lon="139.776901">
      </trkpt>
      <trkpt lat="35.726007" lon="139.775489">
      </trkpt>
      <trkpt lat="35.72607" lon="139.775413">
      </trkpt>
      <trkpt lat="35.726124" lon="139.775356">
      </trkpt>
      <trkpt lat="35.726254" lon="139.77522">
      </trkpt>
      <trkpt lat="35.726289" lon="139.775188">
      </trkpt>
      <trkpt lat="35.72636" lon="139.775123">
      </trkpt>
      <trkpt lat="35.726408" lon="139.775078">
      </trkpt>
      <trkpt lat="35.726831" lon="139.774688">
      </trkpt>
      <trkpt lat="35.727261" lon="139.774286">
      </trkpt>
      <trkpt lat="35.7273" lon="139.774249">
      </trkpt>
      <trkpt lat="35.727382" lon="139.774171">
      </trkpt>
      <trkpt lat="35.727625" lon="139.773945">
      </trkpt>
      <trkpt lat="35.72803" lon="139.773546">
      </trkpt>
      <trkpt lat="35.728343" lon="139.773251">
      </trkpt>
      <trkpt lat="35.728473" lon="139.773121">
      </trkpt>
      <trkpt lat="35.728465" lon="139.772988">
      </trkpt>
      <trkpt lat="35.728456" lon="139.772846">
      </trkpt>
      <trkpt lat="35.728405" lon="139.772181">
      </trkpt>
      <trkpt lat="35.728388" lon="139.771958">
      </trkpt>
      <trkpt lat="35.728341" lon="139.771928">
      </trkpt>
      <trkpt lat="35.728215" lon="139.771912">
      </trkpt>
      <trkpt lat="35.728146" lon="139.771907">
      </trkpt>
      <trkpt lat="35.728059" lon="139.771899">
      </trkpt>
      <trkpt lat="35.728031" lon="139.771896">
      </trkpt>
      <trkpt lat="35.72799" lon="139.771894">
      </trkpt>
      <trkpt lat="35.727966" lon="139.771891">
      </trkpt>
      <trkpt lat="35.727887" lon="139.771801">
      </trkpt>
      <trkpt lat="35.727871" lon="139.771763">
      </trkpt>
      <trkpt lat="35.727874" lon="139.771727">
      </trkpt>
      <trkpt lat="35.728085" lon="139.771481">
      </trkpt>
      <trkpt lat="35.728491" lon="139.771006">
      </trkpt>
      <trkpt lat="35.728656" lon="139.770812">
      </trkpt>
      <trkpt lat="35.728685" lon="139.77074">
      </trkpt>
      <trkpt lat="35.728682" lon="139.770709">
      </trkpt>
      <trkpt lat="35.728672" lon="139.770672">
      </trkpt>
      <trkpt lat="35.728643" lon="139.770611">
      </trkpt>
      <trkpt lat="35.728615" lon="139.770572">
      </trkpt>
      <trkpt lat="35.728565" lon="139.77051">
      </trkpt>
      <trkpt lat="35.728443" lon="139.77035">
      </trkpt>
      <trkpt lat="35.728125" lon="139.769937">
      </trkpt>
      <trkpt lat="35.728074" lon="139.769864">
      </trkpt>
      <trkpt lat="35.728049" lon="139.769827">
      </trkpt>
      <trkpt lat="35.728023" lon="139.769772">
      </trkpt>
      <trkpt lat="35.727985" lon="139.76969">
      </trkpt>
      <trkpt lat="35.727953" lon="139.769604">
      </trkpt>
      <trkpt lat="35.727916" lon="139.769461">
      </trkpt>
      <trkpt lat="35.727868" lon="139.769291">
      </trkpt>
      <trkpt lat="35.727832" lon="139.769159">
      </trkpt>
      <trkpt lat="35.727798" lon="139.769036">
      </trkpt>
      <trkpt lat="35.727736" lon="139.768809">
      </trkpt>
      <trkpt lat="35.727721" lon="139.768754">
      </trkpt>
      <trkpt lat="35.7277" lon="139.768658">
      </trkpt>
      <trkpt lat="35.727685" lon="139.768588">
      </trkpt>
      <trkpt lat="35.727646" lon="139.768423">
      </trkpt>
      <trkpt lat="35.727642" lon="139.768405">
      </trkpt>
      <trkpt lat="35.727626" lon="139.768332">
      </trkpt>
      <trkpt lat="35.727617" lon="139.768278">
      </trkpt>
      <trkpt lat="35.727601" lon="139.768195">
      </trkpt>
      <trkpt lat="35.727599" lon="139.76812">
      </trkpt>
      <trkpt lat="35.727543" lon="139.767917">
      </trkpt>
      <trkpt lat="35.727482" lon="139.76769">
      </trkpt>
      <trkpt lat="35.727433" lon="139.76752">
      </trkpt>
      <trkpt lat="35.727418" lon="139.767467">
      </trkpt>
      <trkpt lat="35.727414" lon="139.767453">
      </trkpt>
      <trkpt lat="35.727314" lon="139.767238">
      </trkpt>
      <trkpt lat="35.727313" lon="139.767211">
      </trkpt>
      <trkpt lat="35.727438" lon="139.766757">
      </trkpt>
      <trkpt lat="35.727439" lon="139.766718">
      </trkpt>
      <trkpt lat="35.72744" lon="139.766695">
      </trkpt>
      <trkpt lat="35.727495" lon="139.766695">
      </trkpt>
      <trkpt lat="35.727652" lon="139.766696">
      </trkpt>
      <trkpt lat="35.727652" lon="139.766714">
      </trkpt>
      <trkpt lat="35.727669" lon="139.766716">
      </trkpt>
      <trkpt lat="35.727863" lon="139.766727">
      </trkpt>
      <trkpt lat="35.727924" lon="139.766727">
      </trkpt>
      <trkpt lat="35.728001" lon="139.766713">
      </trkpt>
      <trkpt lat="35.728087" lon="139.766678">
      </trkpt>
      <trkpt lat="35.728265" lon="139.766584">
      </trkpt>
      <trkpt lat="35.728317" lon="139.766538">
      </trkpt>
      <trkpt lat="35.728332" lon="139.766522">
      </trkpt>
      <trkpt lat="35.728355" lon="139.7665">
      </trkpt>
      <trkpt lat="35.728387" lon="139.766474">
      </trkpt>
      <trkpt lat="35.728595" lon="139.766338">
      </trkpt>
      <trkpt lat="35.728628" lon="139.766316">
      </trkpt>
      <trkpt lat="35.728665" lon="139.766273">
      </trkpt>
      <trkpt lat="35.728677" lon="139.766252">
      </trkpt>
      <trkpt lat="35.728691" lon="139.766204">
      </trkpt>
      <trkpt lat="35.728704" lon="139.766163">
      </trkpt>
      <trkpt lat="35.728721" lon="139.766121">
      </trkpt>
      <trkpt lat="35.728785" lon="139.76606">
      </trkpt>
      <trkpt lat="35.728812" lon="139.766041">
      </trkpt>
      <trkpt lat="35.728841" lon="139.766028">
      </trkpt>
      <trkpt lat="35.728887" lon="139.766007">
      </trkpt>
      <trkpt lat="35.729002" lon="139.765986">
      </trkpt>
      <trkpt lat="35.729036" lon="139.765986">
      </trkpt>
      <trkpt lat="35.729067" lon="139.765985">
      </trkpt>
      <trkpt lat="35.729131" lon="139.765991">
      </trkpt>
      <trkpt lat="35.729274" lon="139.766044">
      </trkpt>
      <trkpt lat="35.729371" lon="139.766046">
      </trkpt>
      <trkpt lat="35.729404" lon="139.766046">
      </trkpt>
      <trkpt lat="35.729517" lon="139.76601">
      </trkpt>
      <trkpt lat="35.729615" lon="139.765974">
      </trkpt>
      <trkpt lat="35.729695" lon="139.765945">
      </trkpt>
      <trkpt lat="35.729809" lon="139.765886">
      </trkpt>
      <trkpt lat="35.729831" lon="139.765873">
      </trkpt>
      <trkpt lat="35.729905" lon="139.765824">
      </trkpt>
      <trkpt lat="35.729956" lon="139.765792">
      </trkpt>
      <trkpt lat="35.730133" lon="139.765666">
      </trkpt>
      <trkpt lat="35.730294" lon="139.765549">
      </trkpt>
      <trkpt lat="35.730435" lon="139.765452">
      </trkpt>
      <trkpt lat="35.730636" lon="139.765413">
      </trkpt>
      <trkpt lat="35.73087" lon="139.765359">
      </trkpt>
      <trkpt lat="35.730922" lon="139.765345">
      </trkpt>
      <trkpt lat="35.730968" lon="139.765315">
      </trkpt>
      <trkpt lat="35.731053" lon="139.765241">
      </trkpt>
      <trkpt lat="35.731087" lon="139.765209">
      </trkpt>
      <trkpt lat="35.731168" lon="139.765135">
      </trkpt>
      <trkpt lat="35.731266" lon="139.76502">
      </trkpt>
      <trkpt lat="35.731274" lon="139.765011">
      </trkpt>
      <trkpt lat="35.731346" lon="139.764925">
      </trkpt>
      <trkpt lat="35.731409" lon="139.764828">
      </trkpt>
      <trkpt lat="35.731454" lon="139.764909">
      </trkpt>
      <trkpt lat="35.731618" lon="139.765207">
      </trkpt>
      <trkpt lat="35.731747" lon="139.765489">
      </trkpt>
      <trkpt lat="35.731819" lon="139.765664">
      </trkpt>
      <trkpt lat="35.732131" lon="139.766409">
      </trkpt>
      <trkpt lat="35.732151" lon="139.766454">
      </trkpt>
      <trkpt lat="35.732333" lon="139.766816">
      </trkpt>
      <trkpt lat="35.732413" lon="139.766976">
      </trkpt>
      <trkpt lat="35.732515" lon="139.767176">
      </trkpt>
      <trkpt lat="35.732554" lon="139.767253">
      </trkpt>
      <trkpt lat="35.732687" lon="139.767517">
      </trkpt>
      <trkpt lat="35.73286" lon="139.767886">
      </trkpt>
      <trkpt lat="35.732931" lon="139.768036">
      </trkpt>
      <trkpt lat="35.733084" lon="139.768009">
      </trkpt>
      <trkpt lat="35.733126" lon="139.768009">
      </trkpt>
      <trkpt lat="35.733223" lon="139.768003">
      </trkpt>
      <trkpt lat="35.733255" lon="139.767908">
      </trkpt>
      <trkpt lat="35.733244" lon="139.767854">
      </trkpt>
      <trkpt lat="35.733176" lon="139.767705">
      </trkpt>
      <trkpt lat="35.732886" lon="139.767178">
      </trkpt>
      <trkpt lat="35.73283" lon="139.767154">
      </trkpt>
      <trkpt lat="35.732648" lon="139.767209">
      </trkpt>
      <trkpt lat="35.73259" lon="139.767236">
      </trkpt>
      <trkpt lat="35.732554" lon="139.767253">
      </trkpt>
      <trkpt lat="35.732515" lon="139.767176">
      </trkpt>
      <trkpt lat="35.732413" lon="139.766976">
      </trkpt>
      <trkpt lat="35.7325" lon="139.766926">
      </trkpt>
      <trkpt lat="35.732689" lon="139.76683">
      </trkpt>
      <trkpt lat="35.732881" lon="139.766739">
      </trkpt>
      <trkpt lat="35.733084" lon="139.766639">
      </trkpt>
      <trkpt lat="35.733263" lon="139.766569">
      </trkpt>
      <trkpt lat="35.733648" lon="139.766455">
      </trkpt>
      <trkpt lat="35.734709" lon="139.766042">
      </trkpt>
      <trkpt lat="35.735173" lon="139.765864">
      </trkpt>
      <trkpt lat="35.735323" lon="139.765803">
      </trkpt>
      <trkpt lat="35.735333" lon="139.765794">
      </trkpt>
      <trkpt lat="35.735365" lon="139.765765">
      </trkpt>
      <trkpt lat="35.735456" lon="139.765676">
      </trkpt>
      <trkpt lat="35.736062" lon="139.76503">
      </trkpt>
      <trkpt lat="35.736402" lon="139.764673">
      </trkpt>
      <trkpt lat="35.736438" lon="139.764636">
      </trkpt>
      <trkpt lat="35.737219" lon="139.763843">
      </trkpt>
      <trkpt lat="35.737245" lon="139.763814">
      </trkpt>
      <trkpt lat="35.737518" lon="139.763536">
      </trkpt>
      <trkpt lat="35.737731" lon="139.763318">
      </trkpt>
      <trkpt lat="35.73779" lon="139.763286">
      </trkpt>
      <trkpt lat="35.737829" lon="139.763273">
      </trkpt>
      <trkpt lat="35.737905" lon="139.763263">
      </trkpt>
      <trkpt lat="35.738016" lon="139.76308">
      </trkpt>
      <trkpt lat="35.738138" lon="139.762954">
      </trkpt>
      <trkpt lat="35.738258" lon="139.762848">
      </trkpt>
      <trkpt lat="35.738585" lon="139.762584">
      </trkpt>
      <trkpt lat="35.73879" lon="139.762419">
      </trkpt>
      <trkpt lat="35.738947" lon="139.76229">
      </trkpt>
      <trkpt lat="35.739096" lon="139.76216">
      </trkpt>
      <trkpt lat="35.739168" lon="139.762083">
      </trkpt>
      <trkpt lat="35.739271" lon="139.761947">
      </trkpt>
      <trkpt lat="35.739309" lon="139.761882">
      </trkpt>
      <trkpt lat="35.73933" lon="139.761821">
      </trkpt>
      <trkpt lat="35.739344" lon="139.761759">
      </trkpt>
      <trkpt lat="35.73931" lon="139.761706">
      </trkpt>
      <trkpt lat="35.738514" lon="139.76049">
      </trkpt>
      <trkpt lat="35.73848" lon="139.760437">
      </trkpt>
      <trkpt lat="35.738401" lon="139.760509">
      </trkpt>
      <trkpt lat="35.738364" lon="139.760543">
      </trkpt>
      <trkpt lat="35.738204" lon="139.760301">
      </trkpt>
      <trkpt lat="35.73819" lon="139.76028">
      </trkpt>
      <trkpt lat="35.738103" lon="139.76015">
      </trkpt>
      <trkpt lat="35.738103" lon="139.760136">
      </trkpt>
      <trkpt lat="35.73809" lon="139.760073">
      </trkpt>
      <trkpt lat="35.738114" lon="139.76001">
      </trkpt>
      <trkpt lat="35.738152" lon="139.759935">
      </trkpt>
      <trkpt lat="35.738209" lon="139.759845">
      </trkpt>
      <trkpt lat="35.738268" lon="139.759765">
      </trkpt>
      <trkpt lat="35.73836" lon="139.759662">
      </trkpt>
      <trkpt lat="35.738435" lon="139.759585">
      </trkpt>
      <trkpt lat="35.738577" lon="139.759452">
      </trkpt>
      <trkpt lat="35.73862" lon="139.759413">
      </trkpt>
      <trkpt lat="35.738645" lon="139.759368">
      </trkpt>
      <trkpt lat="35.738662" lon="139.759313">
      </trkpt>
      <trkpt lat="35.738664" lon="139.759258">
      </trkpt>
      <trkpt lat="35.73866" lon="139.759211">
      </trkpt>
      <trkpt lat="35.738646" lon="139.759169">
      </trkpt>
      <trkpt lat="35.738604" lon="139.759108">
      </trkpt>
      <trkpt lat="35.738253" lon="139.758653">
      </trkpt>
      <trkpt lat="35.738228" lon="139.758626">
      </trkpt>
      <trkpt lat="35.738188" lon="139.758594">
      </trkpt>
      <trkpt lat="35.738226" lon="139.758517">
      </trkpt>
      <trkpt lat="35.738259" lon="139.758444">
      </trkpt>
      <trkpt lat="35.738422" lon="139.75815">
      </trkpt>
      <trkpt lat="35.738481" lon="139.758052">
      </trkpt>
      <trkpt lat="35.738679" lon="139.757774">
      </trkpt>
      <trkpt lat="35.738706" lon="139.757736">
      </trkpt>
      <trkpt lat="35.738876" lon="139.757497">
      </trkpt>
      <trkpt lat="35.738948" lon="139.757393">
      </trkpt>
      <trkpt lat="35.738965" lon="139.757368">
      </trkpt>
      <trkpt lat="35.739" lon="139.757321">
      </trkpt>
      <trkpt lat="35.739151" lon="139.757105">
      </trkpt>
      <trkpt lat="35.739359" lon="139.7568">
      </trkpt>
      <trkpt lat="35.739554" lon="139.756516">
      </trkpt>
      <trkpt lat="35.739591" lon="139.756464">
      </trkpt>
      <trkpt lat="35.739614" lon="139.75643">
      </trkpt>
      <trkpt lat="35.73971" lon="139.756289">
      </trkpt>
      <trkpt lat="35.73977" lon="139.756209">
      </trkpt>
      <trkpt lat="35.739832" lon="139.756125">
      </trkpt>
      <trkpt lat="35.739956" lon="139.755975">
      </trkpt>
      <trkpt lat="35.740052" lon="139.755865">
      </trkpt>
      <trkpt lat="35.740165" lon="139.755733">
      </trkpt>
      <trkpt lat="35.740199" lon="139.755692">
      </trkpt>
      <trkpt lat="35.740274" lon="139.75563">
      </trkpt>
      <trkpt lat="35.740385" lon="139.755541">
      </trkpt>
      <trkpt lat="35.740488" lon="139.755453">
      </trkpt>
      <trkpt lat="35.740499" lon="139.755437">
      </trkpt>
      <trkpt lat="35.740509" lon="139.755423">
      </trkpt>
      <trkpt lat="35.740529" lon="139.755379">
      </trkpt>
      <trkpt lat="35.740632" lon="139.755074">
      </trkpt>
      <trkpt lat="35.740731" lon="139.754822">
      </trkpt>
      <trkpt lat="35.740764" lon="139.754747">
      </trkpt>
      <trkpt lat="35.740798" lon="139.754684">
      </trkpt>
      <trkpt lat="35.740867" lon="139.754561">
      </trkpt>
      <trkpt lat="35.740924" lon="139.754462">
      </trkpt>
      <trkpt lat="35.740957" lon="139.754406">
      </trkpt>
      <trkpt lat="35.740968" lon="139.754378">
      </trkpt>
      <trkpt lat="35.740973" lon="139.754353">
      </trkpt>
      <trkpt lat="35.740977" lon="139.75431">
      </trkpt>
      <trkpt lat="35.740987" lon="139.754138">
      </trkpt>
      <trkpt lat="35.740997" lon="139.754073">
      </trkpt>
      <trkpt lat="35.741021" lon="139.753956">
      </trkpt>
      <trkpt lat="35.741033" lon="139.753883">
      </trkpt>
      <trkpt lat="35.741064" lon="139.753643">
      </trkpt>
      <trkpt lat="35.74109" lon="139.753449">
      </trkpt>
      <trkpt lat="35.741181" lon="139.753248">
      </trkpt>
      <trkpt lat="35.741253" lon="139.753076">
      </trkpt>
      <trkpt lat="35.74133" lon="139.752869">
      </trkpt>
      <trkpt lat="35.741449" lon="139.752549">
      </trkpt>
      <trkpt lat="35.741458" lon="139.752525">
      </trkpt>
      <trkpt lat="35.741475" lon="139.752479">
      </trkpt>
      <trkpt lat="35.741541" lon="139.752298">
      </trkpt>
      <trkpt lat="35.741684" lon="139.751914">
      </trkpt>
      <trkpt lat="35.741885" lon="139.751378">
      </trkpt>
      <trkpt lat="35.742011" lon="139.751035">
      </trkpt>
      <trkpt lat="35.742032" lon="139.750978">
      </trkpt>
      <trkpt lat="35.7421" lon="139.75079">
      </trkpt>
      <trkpt lat="35.742159" lon="139.75063">
      </trkpt>
      <trkpt lat="35.742361" lon="139.750079">
      </trkpt>
      <trkpt lat="35.742378" lon="139.750034">
      </trkpt>
      <trkpt lat="35.742391" lon="139.750001">
      </trkpt>
      <trkpt lat="35.74241" lon="139.749938">
      </trkpt>
      <trkpt lat="35.742578" lon="139.749294">
      </trkpt>
      <trkpt lat="35.742829" lon="139.748319">
      </trkpt>
      <trkpt lat="35.74292" lon="139.74796">
      </trkpt>
      <trkpt lat="35.742985" lon="139.747711">
      </trkpt>
      <trkpt lat="35.743067" lon="139.747389">
      </trkpt>
      <trkpt lat="35.743087" lon="139.747204">
      </trkpt>
      <trkpt lat="35.743045" lon="139.747204">
      </trkpt>
      <trkpt lat="35.743007" lon="139.747204">
      </trkpt>
      <trkpt lat="35.742904" lon="139.74723">
      </trkpt>
      <trkpt lat="35.74262" lon="139.747301">
      </trkpt>
      <trkpt lat="35.741819" lon="139.74743">
      </trkpt>
      <trkpt lat="35.741678" lon="139.747453">
      </trkpt>
      <trkpt lat="35.741618" lon="139.74746">
      </trkpt>
      <trkpt lat="35.741547" lon="139.747462">
      </trkpt>
      <trkpt lat="35.741497" lon="139.747455">
      </trkpt>
      <trkpt lat="35.741453" lon="139.747442">
      </trkpt>
      <trkpt lat="35.74124" lon="139.747359">
      </trkpt>
      <trkpt lat="35.741132" lon="139.747317">
      </trkpt>
      <trkpt lat="35.741046" lon="139.747284">
      </trkpt>
      <trkpt lat="35.740621" lon="139.747123">
      </trkpt>
      <trkpt lat="35.740259" lon="139.746956">
      </trkpt>
      <trkpt lat="35.739987" lon="139.746859">
      </trkpt>
      <trkpt lat="35.73985" lon="139.74681">
      </trkpt>
      <trkpt lat="35.739733" lon="139.746768">
      </trkpt>
      <trkpt lat="35.739571" lon="139.746702">
      </trkpt>
      <trkpt lat="35.738809" lon="139.746388">
      </trkpt>
      <trkpt lat="35.73875" lon="139.746364">
      </trkpt>
      <trkpt lat="35.738734" lon="139.746358">
      </trkpt>
      <trkpt lat="35.738285" lon="139.746175">
      </trkpt>
      <trkpt lat="35.738237" lon="139.746171">
      </trkpt>
      <trkpt lat="35.738143" lon="139.746189">
      </trkpt>
      <trkpt lat="35.738121" lon="139.746192">
      </trkpt>
      <trkpt lat="35.738023" lon="139.746214">
      </trkpt>
      <trkpt lat="35.737671" lon="139.746296">
      </trkpt>
      <trkpt lat="35.737517" lon="139.746328">
      </trkpt>
      <trkpt lat="35.737461" lon="139.746344">
      </trkpt>
      <trkpt lat="35.737362" lon="139.746372">
      </trkpt>
      <trkpt lat="35.737098" lon="139.746445">
      </trkpt>
      <trkpt lat="35.737032" lon="139.746469">
      </trkpt>
      <trkpt lat="35.737048" lon="139.746529">
      </trkpt>
      <trkpt lat="35.737136" lon="139.746875">
      </trkpt>
      <trkpt lat="35.737144" lon="139.746891">
      </trkpt>
      <trkpt lat="35.737097" lon="139.746917">
      </trkpt>
      <trkpt lat="35.736785" lon="139.74709">
      </trkpt>
      <trkpt lat="35.736744" lon="139.747112">
      </trkpt>
      <trkpt lat="35.736757" lon="139.747149">
      </trkpt>
      <trkpt lat="35.736936" lon="139.74766">
      </trkpt>
      <trkpt lat="35.737034" lon="139.747926">
      </trkpt>
      <trkpt lat="35.737126" lon="139.748147">
      </trkpt>
      <trkpt lat="35.737176" lon="139.748236">
      </trkpt>
      <trkpt lat="35.737226" lon="139.748302">
      </trkpt>
      <trkpt lat="35.737266" lon="139.74832">
      </trkpt>
      <trkpt lat="35.737296" lon="139.748321">
      </trkpt>
      <trkpt lat="35.737319" lon="139.748322">
      </trkpt>
      <trkpt lat="35.737405" lon="139.748315">
      </trkpt>
      <trkpt lat="35.737506" lon="139.748298">
      </trkpt>
      <trkpt lat="35.737556" lon="139.748276">
      </trkpt>
      <trkpt lat="35.737721" lon="139.748174">
      </trkpt>
      <trkpt lat="35.73775" lon="139.748165">
      </trkpt>
      <trkpt lat="35.737874" lon="139.748155">
      </trkpt>
      <trkpt lat="35.737907" lon="139.748138">
      </trkpt>
      <trkpt lat="35.737928" lon="139.748127">
      </trkpt>
      <trkpt lat="35.737953" lon="139.748109">
      </trkpt>
      <trkpt lat="35.737978" lon="139.748091">
      </trkpt>
      <trkpt lat="35.738011" lon="139.748063">
      </trkpt>
      <trkpt lat="35.73798" lon="139.748019">
      </trkpt>
      <trkpt lat="35.737947" lon="139.747994">
      </trkpt>
      <trkpt lat="35.737895" lon="139.747961">
      </trkpt>
      <trkpt lat="35.737855" lon="139.747928">
      </trkpt>
      <trkpt lat="35.737839" lon="139.747912">
      </trkpt>
      <trkpt lat="35.737827" lon="139.7479">
      </trkpt>
      <trkpt lat="35.737798" lon="139.747859">
      </trkpt>
      <trkpt lat="35.737713" lon="139.747644">
      </trkpt>
      <trkpt lat="35.737699" lon="139.747594">
      </trkpt>
      <trkpt lat="35.737687" lon="139.747561">
      </trkpt>
      <trkpt lat="35.737669" lon="139.747534">
      </trkpt>
      <trkpt lat="35.737649" lon="139.747509">
      </trkpt>
      <trkpt lat="35.737406" lon="139.747216">
      </trkpt>
      <trkpt lat="35.737225" lon="139.746994">
      </trkpt>
      <trkpt lat="35.737186" lon="139.746946">
      </trkpt>
      <trkpt lat="35.737164" lon="139.746919">
      </trkpt>
      <trkpt lat="35.737144" lon="139.746891">
      </trkpt>
      <trkpt lat="35.737097" lon="139.746917">
      </trkpt>
      <trkpt lat="35.736785" lon="139.74709">
      </trkpt>
      <trkpt lat="35.736744" lon="139.747112">
      </trkpt>
      <trkpt lat="35.736604" lon="139.746741">
      </trkpt>
      <trkpt lat="35.736573" lon="139.746661">
      </trkpt>
      <trkpt lat="35.736543" lon="139.746543">
      </trkpt>
      <trkpt lat="35.736918" lon="139.746421">
      </trkpt>
      <trkpt lat="35.736912" lon="139.746357">
      </trkpt>
      <trkpt lat="35.736891" lon="139.746268">
      </trkpt>
      <trkpt lat="35.736854" lon="139.746158">
      </trkpt>
      <trkpt lat="35.736797" lon="139.746021">
      </trkpt>
      <trkpt lat="35.736739" lon="139.745914">
      </trkpt>
      <trkpt lat="35.736662" lon="139.745805">
      </trkpt>
      <trkpt lat="35.73675" lon="139.745591">
      </trkpt>
      <trkpt lat="35.736767" lon="139.745539">
      </trkpt>
      <trkpt lat="35.736848" lon="139.745345">
      </trkpt>
      <trkpt lat="35.736915" lon="139.74522">
      </trkpt>
      <trkpt lat="35.737045" lon="139.745022">
      </trkpt>
      <trkpt lat="35.73699" lon="139.744937">
      </trkpt>
      <trkpt lat="35.736917" lon="139.744853">
      </trkpt>
      <trkpt lat="35.736806" lon="139.74475">
      </trkpt>
      <trkpt lat="35.73671" lon="139.744678">
      </trkpt>
      <trkpt lat="35.736675" lon="139.744658">
      </trkpt>
      <trkpt lat="35.736526" lon="139.74457">
      </trkpt>
      <trkpt lat="35.736321" lon="139.744458">
      </trkpt>
      <trkpt lat="35.736282" lon="139.744437">
      </trkpt>
      <trkpt lat="35.736175" lon="139.744699">
      </trkpt>
      <trkpt lat="35.736154" lon="139.744743">
      </trkpt>
      <trkpt lat="35.736135" lon="139.744793">
      </trkpt>
      <trkpt lat="35.736115" lon="139.744773">
      </trkpt>
      <trkpt lat="35.736083" lon="139.744743">
      </trkpt>
      <trkpt lat="35.735734" lon="139.744414">
      </trkpt>
      <trkpt lat="35.735469" lon="139.744164">
      </trkpt>
      <trkpt lat="35.735157" lon="139.743397">
      </trkpt>
      <trkpt lat="35.734847" lon="139.742638">
      </trkpt>
      <trkpt lat="35.734789" lon="139.742494">
      </trkpt>
      <trkpt lat="35.734762" lon="139.742423">
      </trkpt>
      <trkpt lat="35.734736" lon="139.742363">
      </trkpt>
      <trkpt lat="35.734698" lon="139.742258">
      </trkpt>
      <trkpt lat="35.734637" lon="139.742104">
      </trkpt>
      <trkpt lat="35.73456" lon="139.741826">
      </trkpt>
      <trkpt lat="35.734549" lon="139.741791">
      </trkpt>
      <trkpt lat="35.734516" lon="139.741703">
      </trkpt>
      <trkpt lat="35.734124" lon="139.740754">
      </trkpt>
      <trkpt lat="35.734104" lon="139.7407">
      </trkpt>
      <trkpt lat="35.734058" lon="139.740587">
      </trkpt>
      <trkpt lat="35.734028" lon="139.740515">
      </trkpt>
      <trkpt lat="35.733917" lon="139.740243">
      </trkpt>
      <trkpt lat="35.733836" lon="139.740068">
      </trkpt>
      <trkpt lat="35.733663" lon="139.739711">
      </trkpt>
      <trkpt lat="35.733707" lon="139.739554">
      </trkpt>
      <trkpt lat="35.733722" lon="139.739502">
      </trkpt>
      <trkpt lat="35.733741" lon="139.739437">
      </trkpt>
      <trkpt lat="35.733753" lon="139.739405">
      </trkpt>
      <trkpt lat="35.733788" lon="139.73933">
      </trkpt>
      <trkpt lat="35.73376" lon="139.739263">
      </trkpt>
      <trkpt lat="35.733717" lon="139.739168">
      </trkpt>
      <trkpt lat="35.733641" lon="139.739">
      </trkpt>
      <trkpt lat="35.733586" lon="139.738888">
      </trkpt>
      <trkpt lat="35.733551" lon="139.738818">
      </trkpt>
      <trkpt lat="35.73347" lon="139.738681">
      </trkpt>
      <trkpt lat="35.733387" lon="139.738549">
      </trkpt>
      <trkpt lat="35.733453" lon="139.738474">
      </trkpt>
      <trkpt lat="35.733637" lon="139.73826">
      </trkpt>
      <trkpt lat="35.733552" lon="139.738148">
      </trkpt>
      <trkpt lat="35.733526" lon="139.738113">
      </trkpt>
      <trkpt lat="35.733385" lon="139.737926">
      </trkpt>
      <trkpt lat="35.733175" lon="139.737634">
      </trkpt>
      <trkpt lat="35.733131" lon="139.737572">
      </trkpt>
      <trkpt lat="35.733096" lon="139.737512">
      </trkpt>
      <trkpt lat="35.732985" lon="139.737323">
      </trkpt>
      <trkpt lat="35.73271" lon="139.736838">
      </trkpt>
      <trkpt lat="35.732669" lon="139.736766">
      </trkpt>
      <trkpt lat="35.732639" lon="139.736701">
      </trkpt>
      <trkpt lat="35.732251" lon="139.735751">
      </trkpt>
      <trkpt lat="35.732235" lon="139.735711">
      </trkpt>
      <trkpt lat="35.732103" lon="139.735738">
      </trkpt>
      <trkpt lat="35.731975" lon="139.73576">
      </trkpt>
      <trkpt lat="35.731938" lon="139.735765">
      </trkpt>
      <trkpt lat="35.731886" lon="139.735774">
      </trkpt>
      <trkpt lat="35.731882" lon="139.735699">
      </trkpt>
      <trkpt lat="35.731879" lon="139.735649">
      </trkpt>
      <trkpt lat="35.731878" lon="139.735543">
      </trkpt>
      <trkpt lat="35.731867" lon="139.735389">
      </trkpt>
      <trkpt lat="35.731841" lon="139.735272">
      </trkpt>
      <trkpt lat="35.731757" lon="139.73498">
      </trkpt>
      <trkpt lat="35.731693" lon="139.734757">
      </trkpt>
      <trkpt lat="35.731648" lon="139.734612">
      </trkpt>
      <trkpt lat="35.731613" lon="139.734504">
      </trkpt>
      <trkpt lat="35.731543" lon="139.734286">
      </trkpt>
      <trkpt lat="35.731415" lon="139.733901">
      </trkpt>
      <trkpt lat="35.731375" lon="139.733787">
      </trkpt>
      <trkpt lat="35.731245" lon="139.733445">
      </trkpt>
      <trkpt lat="35.731102" lon="139.733075">
      </trkpt>
      <trkpt lat="35.731201" lon="139.732931">
      </trkpt>
      <trkpt lat="35.731234" lon="139.73286">
      </trkpt>
      <trkpt lat="35.731256" lon="139.732813">
      </trkpt>
      <trkpt lat="35.731261" lon="139.732765">
      </trkpt>
      <trkpt lat="35.731259" lon="139.73254">
      </trkpt>
      <trkpt lat="35.73126" lon="139.732508">
      </trkpt>
      <trkpt lat="35.731281" lon="139.73243">
      </trkpt>
      <trkpt lat="35.731289" lon="139.732357">
      </trkpt>
      <trkpt lat="35.731306" lon="139.732206">
      </trkpt>
      <trkpt lat="35.731324" lon="139.732042">
      </trkpt>
      <trkpt lat="35.731436" lon="139.731497">
      </trkpt>
      <trkpt lat="35.731452" lon="139.73145">
      </trkpt>
      <trkpt lat="35.731503" lon="139.731299">
      </trkpt>
      <trkpt lat="35.73156" lon="139.73113">
      </trkpt>
      <trkpt lat="35.731631" lon="139.730917">
      </trkpt>
      <trkpt lat="35.731701" lon="139.730691">
      </trkpt>
      <trkpt lat="35.731779" lon="139.730451">
      </trkpt>
      <trkpt lat="35.731812" lon="139.730354">
      </trkpt>
      <trkpt lat="35.731858" lon="139.730244">
      </trkpt>
      <trkpt lat="35.731963" lon="139.730068">
      </trkpt>
      <trkpt lat="35.732069" lon="139.729923">
      </trkpt>
      <trkpt lat="35.732167" lon="139.729807">
      </trkpt>
      <trkpt lat="35.732288" lon="139.729679">
      </trkpt>
      <trkpt lat="35.73231" lon="139.729652">
      </trkpt>
      <trkpt lat="35.732359" lon="139.729598">
      </trkpt>
      <trkpt lat="35.732569" lon="139.729367">
      </trkpt>
      <trkpt lat="35.732669" lon="139.729257">
      </trkpt>
      <trkpt lat="35.732559" lon="139.729188">
      </trkpt>
      <trkpt lat="35.732525" lon="139.729172">
      </trkpt>
      <trkpt lat="35.732313" lon="139.729087">
      </trkpt>
      <trkpt lat="35.732228" lon="139.729091">
      </trkpt>
      <trkpt lat="35.732134" lon="139.729119">
      </trkpt>
      <trkpt lat="35.732114" lon="139.729129">
      </trkpt>
      <trkpt lat="35.732081" lon="139.729134">
      </trkpt>
      <trkpt lat="35.732048" lon="139.729127">
      </trkpt>
      <trkpt lat="35.732017" lon="139.729108">
      </trkpt>
      <trkpt lat="35.732001" lon="139.729088">
      </trkpt>
      <trkpt lat="35.731991" lon="139.729077">
      </trkpt>
      <trkpt lat="35.731982" lon="139.729055">
      </trkpt>
      <trkpt lat="35.731976" lon="139.729042">
      </trkpt>
      <trkpt lat="35.731969" lon="139.728997">
      </trkpt>
      <trkpt lat="35.731976" lon="139.728943">
      </trkpt>
      <trkpt lat="35.731998" lon="139.728899">
      </trkpt>
      <trkpt lat="35.732024" lon="139.728873">
      </trkpt>
      <trkpt lat="35.73201" lon="139.728828">
      </trkpt>
      <trkpt lat="35.73201" lon="139.728798">
      </trkpt>
      <trkpt lat="35.732022" lon="139.728733">
      </trkpt>
      <trkpt lat="35.732038" lon="139.728655">
      </trkpt>
      <trkpt lat="35.732092" lon="139.728446">
      </trkpt>
      <trkpt lat="35.732007" lon="139.728407">
      </trkpt>
      <trkpt lat="35.731929" lon="139.72837">
      </trkpt>
      <trkpt lat="35.731915" lon="139.728363">
      </trkpt>
      <trkpt lat="35.731915" lon="139.728363">
      </trkpt>
      <trkpt lat="35.732183" lon="139.727242">
      </trkpt>
      <trkpt lat="35.732269" lon="139.726775">
      </trkpt>
      <trkpt lat="35.732462" lon="139.725997">
      </trkpt>
      <trkpt lat="35.732483" lon="139.72591">
      </trkpt>
      <trkpt lat="35.732425" lon="139.725885">
      </trkpt>
      <trkpt lat="35.732189" lon="139.725791">
      </trkpt>
      <trkpt lat="35.732091" lon="139.725765">
      </trkpt>
      <trkpt lat="35.732089" lon="139.725673">
      </trkpt>
      <trkpt lat="35.732088" lon="139.725645">
      </trkpt>
      <trkpt lat="35.731963" lon="139.725208">
      </trkpt>
      <trkpt lat="35.731922" lon="139.72506">
      </trkpt>
      <trkpt lat="35.731889" lon="139.724976">
      </trkpt>
      <trkpt lat="35.731823" lon="139.724797">
      </trkpt>
      <trkpt lat="35.731737" lon="139.724561">
      </trkpt>
      <trkpt lat="35.73166" lon="139.724392">
      </trkpt>
      <trkpt lat="35.731572" lon="139.724237">
      </trkpt>
      <trkpt lat="35.731432" lon="139.723958">
      </trkpt>
      <trkpt lat="35.731529" lon="139.723873">
      </trkpt>
      <trkpt lat="35.731719" lon="139.723802">
      </trkpt>
      <trkpt lat="35.731791" lon="139.723716">
      </trkpt>
      <trkpt lat="35.731813" lon="139.723686">
      </trkpt>
      <trkpt lat="35.731909" lon="139.723512">
      </trkpt>
      <trkpt lat="35.731954" lon="139.723435">
      </trkpt>
      <trkpt lat="35.732057" lon="139.723279">
      </trkpt>
      <trkpt lat="35.732169" lon="139.723179">
      </trkpt>
      <trkpt lat="35.732322" lon="139.722989">
      </trkpt>
      <trkpt lat="35.732256" lon="139.722896">
      </trkpt>
      <trkpt lat="35.731995" lon="139.722515">
      </trkpt>
      <trkpt lat="35.731986" lon="139.722501">
      </trkpt>
      <trkpt lat="35.731936" lon="139.722431">
      </trkpt>
      <trkpt lat="35.731868" lon="139.722335">
      </trkpt>
      <trkpt lat="35.731798" lon="139.722239">
      </trkpt>
      <trkpt lat="35.731505" lon="139.721944">
      </trkpt>
      <trkpt lat="35.731099" lon="139.721579">
      </trkpt>
      <trkpt lat="35.731048" lon="139.721529">
      </trkpt>
      <trkpt lat="35.730993" lon="139.72148">
      </trkpt>
      <trkpt lat="35.731034" lon="139.721405">
      </trkpt>
      <trkpt lat="35.731336" lon="139.720835">
      </trkpt>
      <trkpt lat="35.731523" lon="139.720481">
      </trkpt>
      <trkpt lat="35.731826" lon="139.719911">
      </trkpt>
      <trkpt lat="35.732013" lon="139.719565">
      </trkpt>
      <trkpt lat="35.732089" lon="139.719422">
      </trkpt>
      <trkpt lat="35.732156" lon="139.71929">
      </trkpt>
      <trkpt lat="35.732318" lon="139.718958">
      </trkpt>
      <trkpt lat="35.732362" lon="139.718859">
      </trkpt>
      <trkpt lat="35.732419" lon="139.718703">
      </trkpt>
      <trkpt lat="35.732489" lon="139.718533">
      </trkpt>
      <trkpt lat="35.732662" lon="139.71818">
      </trkpt>
      <trkpt lat="35.732849" lon="139.717775">
      </trkpt>
      <trkpt lat="35.732881" lon="139.717706">
      </trkpt>
      <trkpt lat="35.732907" lon="139.717649">
      </trkpt>
      <trkpt lat="35.733013" lon="139.717424">
      </trkpt>
      <trkpt lat="35.733116" lon="139.717212">
      </trkpt>
      <trkpt lat="35.733179" lon="139.71708">
      </trkpt>
      <trkpt lat="35.733237" lon="139.716975">
      </trkpt>
      <trkpt lat="35.733248" lon="139.716956">
      </trkpt>
      <trkpt lat="35.733295" lon="139.716878">
      </trkpt>
      <trkpt lat="35.733406" lon="139.716721">
      </trkpt>
      <trkpt lat="35.733463" lon="139.716645">
      </trkpt>
      <trkpt lat="35.733598" lon="139.7166">
      </trkpt>
      <trkpt lat="35.733687" lon="139.716558">
      </trkpt>
      <trkpt lat="35.733795" lon="139.716489">
      </trkpt>
      <trkpt lat="35.733889" lon="139.71643">
      </trkpt>
      <trkpt lat="35.733947" lon="139.716389">
      </trkpt>
      <trkpt lat="35.734124" lon="139.716253">
      </trkpt>
      <trkpt lat="35.734303" lon="139.716093">
      </trkpt>
      <trkpt lat="35.734307" lon="139.716008">
      </trkpt>
      <trkpt lat="35.734308" lon="139.715969">
      </trkpt>
      <trkpt lat="35.734308" lon="139.715884">
      </trkpt>
      <trkpt lat="35.734303" lon="139.715793">
      </trkpt>
      <trkpt lat="35.734282" lon="139.715612">
      </trkpt>
      <trkpt lat="35.734243" lon="139.715363">
      </trkpt>
      <trkpt lat="35.734161" lon="139.715062">
      </trkpt>
      <trkpt lat="35.734077" lon="139.714824">
      </trkpt>
      <trkpt lat="35.733988" lon="139.71461">
      </trkpt>
      <trkpt lat="35.7339" lon="139.714421">
      </trkpt>
      <trkpt lat="35.733888" lon="139.714381">
      </trkpt>
      <trkpt lat="35.733885" lon="139.714339">
      </trkpt>
      <trkpt lat="35.73389" lon="139.714302">
      </trkpt>
      <trkpt lat="35.733981" lon="139.714042">
      </trkpt>
      <trkpt lat="35.734115" lon="139.71364">
      </trkpt>
      <trkpt lat="35.734239" lon="139.713276">
      </trkpt>
      <trkpt lat="35.734255" lon="139.713212">
      </trkpt>
      <trkpt lat="35.734251" lon="139.713155">
      </trkpt>
      <trkpt lat="35.734235" lon="139.713102">
      </trkpt>
      <trkpt lat="35.734215" lon="139.713071">
      </trkpt>
      <trkpt lat="35.734181" lon="139.713036">
      </trkpt>
      <trkpt lat="35.733796" lon="139.712818">
      </trkpt>
      <trkpt lat="35.733748" lon="139.712784">
      </trkpt>
      <trkpt lat="35.733451" lon="139.712562">
      </trkpt>
      <trkpt lat="35.733319" lon="139.71246">
      </trkpt>
      <trkpt lat="35.733322" lon="139.71229">
      </trkpt>
      <trkpt lat="35.733319" lon="139.712198">
      </trkpt>
      <trkpt lat="35.733268" lon="139.711748">
      </trkpt>
      <trkpt lat="35.733258" lon="139.711665">
      </trkpt>
      <trkpt lat="35.733214" lon="139.711294">
      </trkpt>
      <trkpt lat="35.733171" lon="139.71093">
      </trkpt>
      <trkpt lat="35.733159" lon="139.710829">
      </trkpt>
      <trkpt lat="35.733144" lon="139.710704">
      </trkpt>
      <trkpt lat="35.733131" lon="139.710589">
      </trkpt>
      <trkpt lat="35.733122" lon="139.7105">
      </trkpt>
      <trkpt lat="35.73311" lon="139.710381">
      </trkpt>
      <trkpt lat="35.733078" lon="139.710081">
      </trkpt>
      <trkpt lat="35.733071" lon="139.710013">
      </trkpt>
      <trkpt lat="35.733068" lon="139.709981">
      </trkpt>
      <trkpt lat="35.733052" lon="139.709829">
      </trkpt>
      <trkpt lat="35.733027" lon="139.709588">
      </trkpt>
      <trkpt lat="35.732991" lon="139.709275">
      </trkpt>
      <trkpt lat="35.732975" lon="139.709132">
      </trkpt>
      <trkpt lat="35.732859" lon="139.709076">
      </trkpt>
      <trkpt lat="35.732646" lon="139.708966">
      </trkpt>
      <trkpt lat="35.732237" lon="139.708762">
      </trkpt>
      <trkpt lat="35.732158" lon="139.708722">
      </trkpt>
      <trkpt lat="35.731989" lon="139.708638">
      </trkpt>
      <trkpt lat="35.731733" lon="139.708506">
      </trkpt>
      <trkpt lat="35.731569" lon="139.708421">
      </trkpt>
      <trkpt lat="35.731483" lon="139.708376">
      </trkpt>
      <trkpt lat="35.731404" lon="139.708336">
      </trkpt>
      <trkpt lat="35.731285" lon="139.708275">
      </trkpt>
      <trkpt lat="35.730796" lon="139.708025">
      </trkpt>
      <trkpt lat="35.730756" lon="139.7081">
      </trkpt>
      <trkpt lat="35.7307" lon="139.708261">
      </trkpt>
      <trkpt lat="35.730684" lon="139.708308">
      </trkpt>
      <trkpt lat="35.73067" lon="139.708361">
      </trkpt>
      <trkpt lat="35.730662" lon="139.708419">
      </trkpt>
      <trkpt lat="35.730661" lon="139.708451">
      </trkpt>
      <trkpt lat="35.730658" lon="139.708877">
      </trkpt>
      <trkpt lat="35.730656" lon="139.709124">
      </trkpt>
      <trkpt lat="35.730652" lon="139.709346">
      </trkpt>
      <trkpt lat="35.730603" lon="139.709341">
      </trkpt>
      <trkpt lat="35.730551" lon="139.709336">
      </trkpt>
      <trkpt lat="35.730465" lon="139.709339">
      </trkpt>
      <trkpt lat="35.730261" lon="139.70935">
      </trkpt>
      <trkpt lat="35.730224" lon="139.709352">
      </trkpt>
      <trkpt lat="35.730134" lon="139.709357">
      </trkpt>
      <trkpt lat="35.730042" lon="139.709355">
      </trkpt>
      <trkpt lat="35.729994" lon="139.709347">
      </trkpt>
      <trkpt lat="35.729955" lon="139.709336">
      </trkpt>
      <trkpt lat="35.729882" lon="139.709317">
      </trkpt>
      <trkpt lat="35.729846" lon="139.709307">
      </trkpt>
      <trkpt lat="35.729797" lon="139.709296">
      </trkpt>
      <trkpt lat="35.729701" lon="139.709265">
      </trkpt>
      <trkpt lat="35.729542" lon="139.709184">
      </trkpt>
      <trkpt lat="35.729399" lon="139.70911">
      </trkpt>
      <trkpt lat="35.729163" lon="139.708989">
      </trkpt>
      <trkpt lat="35.729043" lon="139.708927">
      </trkpt>
      <trkpt lat="35.72871" lon="139.70876">
      </trkpt>
      <trkpt lat="35.72863" lon="139.70872">
      </trkpt>
      <trkpt lat="35.728573" lon="139.708679">
      </trkpt>
      <trkpt lat="35.728207" lon="139.708492">
      </trkpt>
      <trkpt lat="35.728066" lon="139.708418">
      </trkpt>
      <trkpt lat="35.727833" lon="139.708297">
      </trkpt>
      <trkpt lat="35.727767" lon="139.708262">
      </trkpt>
      <trkpt lat="35.727807" lon="139.708141">
      </trkpt>
      <trkpt lat="35.727939" lon="139.707752">
      </trkpt>
      <trkpt lat="35.72788" lon="139.707723">
      </trkpt>
      <trkpt lat="35.727502" lon="139.707532">
      </trkpt>
      <trkpt lat="35.727385" lon="139.707456">
      </trkpt>
      <trkpt lat="35.727194" lon="139.707495">
      </trkpt>
      <trkpt lat="35.727168" lon="139.7075">
      </trkpt>
      <trkpt lat="35.726976" lon="139.707538">
      </trkpt>
      <trkpt lat="35.726784" lon="139.707555">
      </trkpt>
      <trkpt lat="35.726755" lon="139.707574">
      </trkpt>
      <trkpt lat="35.726727" lon="139.7076">
      </trkpt>
      <trkpt lat="35.726715" lon="139.707751">
      </trkpt>
      <trkpt lat="35.726705" lon="139.707767">
      </trkpt>
      <trkpt lat="35.726699" lon="139.707778">
      </trkpt>
      <trkpt lat="35.726667" lon="139.707801">
      </trkpt>
      <trkpt lat="35.726571" lon="139.70782">
      </trkpt>
      <trkpt lat="35.726412" lon="139.707852">
      </trkpt>
      <trkpt lat="35.726379" lon="139.707858">
      </trkpt>
      <trkpt lat="35.726057" lon="139.707921">
      </trkpt>
      <trkpt lat="35.726045" lon="139.707924">
      </trkpt>
      <trkpt lat="35.725907" lon="139.707951">
      </trkpt>
      <trkpt lat="35.725877" lon="139.70798">
      </trkpt>
      <trkpt lat="35.725866" lon="139.708042">
      </trkpt>
      <trkpt lat="35.725861" lon="139.708149">
      </trkpt>
      <trkpt lat="35.725845" lon="139.70818">
      </trkpt>
      <trkpt lat="35.725812" lon="139.708212">
      </trkpt>
      <trkpt lat="35.725679" lon="139.708228">
      </trkpt>
      <trkpt lat="35.725669" lon="139.708227">
      </trkpt>
      <trkpt lat="35.725554" lon="139.708224">
      </trkpt>
      <trkpt lat="35.725407" lon="139.70822">
      </trkpt>
      <trkpt lat="35.725258" lon="139.708237">
      </trkpt>
      <trkpt lat="35.725034" lon="139.708262">
      </trkpt>
      <trkpt lat="35.724846" lon="139.708235">
      </trkpt>
      <trkpt lat="35.724366" lon="139.707954">
      </trkpt>
      <trkpt lat="35.724199" lon="139.707872">
      </trkpt>
      <trkpt lat="35.724168" lon="139.707857">
      </trkpt>
      <trkpt lat="35.724043" lon="139.707796">
      </trkpt>
      <trkpt lat="35.723909" lon="139.707716">
      </trkpt>
      <trkpt lat="35.723749" lon="139.707613">
      </trkpt>
      <trkpt lat="35.723264" lon="139.707379">
      </trkpt>
      <trkpt lat="35.722833" lon="139.707161">
      </trkpt>
      <trkpt lat="35.722559" lon="139.707028">
      </trkpt>
      <trkpt lat="35.72236" lon="139.706917">
      </trkpt>
      <trkpt lat="35.721953" lon="139.706704">
      </trkpt>
      <trkpt lat="35.721818" lon="139.706623">
      </trkpt>
      <trkpt lat="35.721727" lon="139.706562">
      </trkpt>
      <trkpt lat="35.721727" lon="139.706562">
      </trkpt>
      <trkpt lat="35.721704" lon="139.706619">
      </trkpt>
      <trkpt lat="35.721568" lon="139.706902">
      </trkpt>
      <trkpt lat="35.721495" lon="139.707044">
      </trkpt>
      <trkpt lat="35.721428" lon="139.707175">
      </trkpt>
      <trkpt lat="35.721305" lon="139.70713">
      </trkpt>
      <trkpt lat="35.72042" lon="139.706798">
      </trkpt>
      <trkpt lat="35.719902" lon="139.706615">
      </trkpt>
      <trkpt lat="35.719163" lon="139.706333">
      </trkpt>
      <trkpt lat="35.718531" lon="139.706068">
      </trkpt>
      <trkpt lat="35.718335" lon="139.705992">
      </trkpt>
      <trkpt lat="35.71817" lon="139.705929">
      </trkpt>
      <trkpt lat="35.717823" lon="139.705814">
      </trkpt>
      <trkpt lat="35.717501" lon="139.705706">
      </trkpt>
      <trkpt lat="35.717406" lon="139.705672">
      </trkpt>
      <trkpt lat="35.717394" lon="139.705715">
      </trkpt>
      <trkpt lat="35.717308" lon="139.706059">
      </trkpt>
      <trkpt lat="35.716995" lon="139.706075">
      </trkpt>
      <trkpt lat="35.716301" lon="139.70611">
      </trkpt>
      <trkpt lat="35.716323" lon="139.705443">
      </trkpt>
      <trkpt lat="35.716061" lon="139.705355">
      </trkpt>
      <trkpt lat="35.716014" lon="139.705339">
      </trkpt>
      <trkpt lat="35.715979" lon="139.705474">
      </trkpt>
      <trkpt lat="35.715875" lon="139.705459">
      </trkpt>
      <trkpt lat="35.715788" lon="139.705445">
      </trkpt>
      <trkpt lat="35.71507" lon="139.705345">
      </trkpt>
      <trkpt lat="35.714891" lon="139.705323">
      </trkpt>
      <trkpt lat="35.714757" lon="139.705306">
      </trkpt>
      <trkpt lat="35.714746" lon="139.705304">
      </trkpt>
      <trkpt lat="35.714577" lon="139.705285">
      </trkpt>
      <trkpt lat="35.714562" lon="139.705283">
      </trkpt>
      <trkpt lat="35.71427" lon="139.705233">
      </trkpt>
      <trkpt lat="35.714233" lon="139.705227">
      </trkpt>
      <trkpt lat="35.713702" lon="139.705138">
      </trkpt>
      <trkpt lat="35.713511" lon="139.7051">
      </trkpt>
      <trkpt lat="35.713358" lon="139.705053">
      </trkpt>
      <trkpt lat="35.713541" lon="139.704714">
      </trkpt>
      <trkpt lat="35.713611" lon="139.704567">
      </trkpt>
      <trkpt lat="35.713686" lon="139.704388">
      </trkpt>
      <trkpt lat="35.71374" lon="139.704229">
      </trkpt>
      <trkpt lat="35.713775" lon="139.70406">
      </trkpt>
      <trkpt lat="35.713801" lon="139.703935">
      </trkpt>
      <trkpt lat="35.713795" lon="139.703898">
      </trkpt>
      <trkpt lat="35.713805" lon="139.703652">
      </trkpt>
      <trkpt lat="35.713746" lon="139.703652">
      </trkpt>
      <trkpt lat="35.713395" lon="139.703636">
      </trkpt>
      <trkpt lat="35.713101" lon="139.703622">
      </trkpt>
      <trkpt lat="35.71305" lon="139.703607">
      </trkpt>
      <trkpt lat="35.712711" lon="139.703507">
      </trkpt>
      <trkpt lat="35.712696" lon="139.703503">
      </trkpt>
      <trkpt lat="35.712531" lon="139.703452">
      </trkpt>
      <trkpt lat="35.711867" lon="139.703258">
      </trkpt>
      <trkpt lat="35.711638" lon="139.703179">
      </trkpt>
      <trkpt lat="35.711614" lon="139.703167">
      </trkpt>
      <trkpt lat="35.711571" lon="139.703146">
      </trkpt>
      <trkpt lat="35.711469" lon="139.703098">
      </trkpt>
      <trkpt lat="35.710719" lon="139.70285">
      </trkpt>
      <trkpt lat="35.710625" lon="139.702797">
      </trkpt>
      <trkpt lat="35.710328" lon="139.702396">
      </trkpt>
      <trkpt lat="35.710096" lon="139.702275">
      </trkpt>
      <trkpt lat="35.709823" lon="139.702156">
      </trkpt>
      <trkpt lat="35.709811" lon="139.702155">
      </trkpt>
      <trkpt lat="35.709672" lon="139.702134">
      </trkpt>
      <trkpt lat="35.709629" lon="139.70213">
      </trkpt>
      <trkpt lat="35.709385" lon="139.703204">
      </trkpt>
      <trkpt lat="35.709379" lon="139.70323">
      </trkpt>
      <trkpt lat="35.709348" lon="139.703363">
      </trkpt>
      <trkpt lat="35.709224" lon="139.703235">
      </trkpt>
      <trkpt lat="35.709157" lon="139.703167">
      </trkpt>
      <trkpt lat="35.708781" lon="139.702723">
      </trkpt>
      <trkpt lat="35.708712" lon="139.702655">
      </trkpt>
      <trkpt lat="35.708633" lon="139.702598">
      </trkpt>
      <trkpt lat="35.708534" lon="139.702554">
      </trkpt>
      <trkpt lat="35.708182" lon="139.702437">
      </trkpt>
      <trkpt lat="35.707392" lon="139.702157">
      </trkpt>
      <trkpt lat="35.704494" lon="139.701135">
      </trkpt>
      <trkpt lat="35.704232" lon="139.701098">
      </trkpt>
      <trkpt lat="35.70407" lon="139.701087">
      </trkpt>
      <trkpt lat="35.703781" lon="139.701065">
      </trkpt>
      <trkpt lat="35.703667" lon="139.701056">
      </trkpt>
      <trkpt lat="35.702998" lon="139.70098">
      </trkpt>
      <trkpt lat="35.702532" lon="139.700933">
      </trkpt>
      <trkpt lat="35.701511" lon="139.700832">
      </trkpt>
      <trkpt lat="35.701434" lon="139.700815">
      </trkpt>
      <trkpt lat="35.701441" lon="139.700667">
      </trkpt>
      <trkpt lat="35.701459" lon="139.700189">
      </trkpt>
      <trkpt lat="35.701477" lon="139.700063">
      </trkpt>
      <trkpt lat="35.701495" lon="139.699932">
      </trkpt>
      <trkpt lat="35.701495" lon="139.699932">
      </trkpt>
      <trkpt lat="35.701444" lon="139.699923">
      </trkpt>
      <trkpt lat="35.700816" lon="139.6999">
      </trkpt>
      <trkpt lat="35.699708" lon="139.699668">
      </trkpt>
      <trkpt lat="35.699705" lon="139.699748">
      </trkpt>
      <trkpt lat="35.699693" lon="139.700039">
      </trkpt>
      <trkpt lat="35.699665" lon="139.700477">
      </trkpt>
      <trkpt lat="35.699663" lon="139.700543">
      </trkpt>
      <trkpt lat="35.699614" lon="139.700536">
      </trkpt>
      <trkpt lat="35.699084" lon="139.700453">
      </trkpt>
      <trkpt lat="35.698323" lon="139.700387">
      </trkpt>
      <trkpt lat="35.698205" lon="139.700384">
      </trkpt>
      <trkpt lat="35.698119" lon="139.700385">
      </trkpt>
      <trkpt lat="35.698032" lon="139.700385">
      </trkpt>
      <trkpt lat="35.697892" lon="139.700385">
      </trkpt>
      <trkpt lat="35.697856" lon="139.700383">
      </trkpt>
      <trkpt lat="35.697371" lon="139.700346">
      </trkpt>
      <trkpt lat="35.697298" lon="139.70034">
      </trkpt>
      <trkpt lat="35.697239" lon="139.700337">
      </trkpt>
      <trkpt lat="35.696417" lon="139.700285">
      </trkpt>
      <trkpt lat="35.696385" lon="139.700283">
      </trkpt>
      <trkpt lat="35.696312" lon="139.700275">
      </trkpt>
      <trkpt lat="35.696202" lon="139.700264">
      </trkpt>
      <trkpt lat="35.695899" lon="139.700224">
      </trkpt>
      <trkpt lat="35.695695" lon="139.700205">
      </trkpt>
      <trkpt lat="35.695538" lon="139.700205">
      </trkpt>
      <trkpt lat="35.69516" lon="139.700242">
      </trkpt>
      <trkpt lat="35.695008" lon="139.700282">
      </trkpt>
      <trkpt lat="35.69495" lon="139.700298">
      </trkpt>
      <trkpt lat="35.694904" lon="139.700309">
      </trkpt>
      <trkpt lat="35.694747" lon="139.700352">
      </trkpt>
      <trkpt lat="35.694686" lon="139.700368">
      </trkpt>
      <trkpt lat="35.694549" lon="139.700408">
      </trkpt>
      <trkpt lat="35.694105" lon="139.700525">
      </trkpt>
      <trkpt lat="35.693973" lon="139.700558">
      </trkpt>
      <trkpt lat="35.693802" lon="139.700574">
      </trkpt>
      <trkpt lat="35.693784" lon="139.700571">
      </trkpt>
      <trkpt lat="35.693769" lon="139.700568">
      </trkpt>
      <trkpt lat="35.693751" lon="139.700558">
      </trkpt>
      <trkpt lat="35.693737" lon="139.700544">
      </trkpt>
      <trkpt lat="35.693724" lon="139.700515">
      </trkpt>
      <trkpt lat="35.693714" lon="139.700487">
      </trkpt>
      <trkpt lat="35.693704" lon="139.700456">
      </trkpt>
      <trkpt lat="35.693694" lon="139.700428">
      </trkpt>
      <trkpt lat="35.693681" lon="139.700407">
      </trkpt>
      <trkpt lat="35.693643" lon="139.700381">
      </trkpt>
      <trkpt lat="35.693606" lon="139.700369">
      </trkpt>
      <trkpt lat="35.693551" lon="139.700364">
      </trkpt>
      <trkpt lat="35.693441" lon="139.70036">
      </trkpt>
      <trkpt lat="35.69335" lon="139.700366">
      </trkpt>
      <trkpt lat="35.693281" lon="139.700379">
      </trkpt>
      <trkpt lat="35.693186" lon="139.700402">
      </trkpt>
      <trkpt lat="35.692956" lon="139.70046">
      </trkpt>
      <trkpt lat="35.692926" lon="139.700469">
      </trkpt>
      <trkpt lat="35.692898" lon="139.700478">
      </trkpt>
      <trkpt lat="35.692866" lon="139.700489">
      </trkpt>
      <trkpt lat="35.692758" lon="139.700539">
      </trkpt>
      <trkpt lat="35.692718" lon="139.700557">
      </trkpt>
      <trkpt lat="35.692681" lon="139.700577">
      </trkpt>
      <trkpt lat="35.692645" lon="139.7006">
      </trkpt>
      <trkpt lat="35.692612" lon="139.700629">
      </trkpt>
      <trkpt lat="35.692586" lon="139.700657">
      </trkpt>
      <trkpt lat="35.692562" lon="139.700686">
      </trkpt>
      <trkpt lat="35.692549" lon="139.700707">
      </trkpt>
      <trkpt lat="35.692539" lon="139.700727">
      </trkpt>
      <trkpt lat="35.692527" lon="139.700752">
      </trkpt>
      <trkpt lat="35.692461" lon="139.700832">
      </trkpt>
      <trkpt lat="35.692439" lon="139.700932">
      </trkpt>
      <trkpt lat="35.692428" lon="139.700984">
      </trkpt>
      <trkpt lat="35.692292" lon="139.701616">
      </trkpt>
      <trkpt lat="35.692281" lon="139.701665">
      </trkpt>
      <trkpt lat="35.692251" lon="139.701771">
      </trkpt>
      <trkpt lat="35.692242" lon="139.701796">
      </trkpt>
      <trkpt lat="35.692228" lon="139.701836">
      </trkpt>
      <trkpt lat="35.692208" lon="139.701887">
      </trkpt>
      <trkpt lat="35.692186" lon="139.701939">
      </trkpt>
      <trkpt lat="35.692141" lon="139.70204">
      </trkpt>
      <trkpt lat="35.69196" lon="139.702442">
      </trkpt>
      <trkpt lat="35.691934" lon="139.702502">
      </trkpt>
      <trkpt lat="35.691916" lon="139.702543">
      </trkpt>
      <trkpt lat="35.691875" lon="139.702632">
      </trkpt>
      <trkpt lat="35.691866" lon="139.702653">
      </trkpt>
      <trkpt lat="35.691857" lon="139.702672">
      </trkpt>
      <trkpt lat="35.691822" lon="139.70275">
      </trkpt>
      <trkpt lat="35.691796" lon="139.702809">
      </trkpt>
      <trkpt lat="35.691538" lon="139.703382">
      </trkpt>
      <trkpt lat="35.691475" lon="139.703523">
      </trkpt>
      <trkpt lat="35.691429" lon="139.703625">
      </trkpt>
      <trkpt lat="35.691407" lon="139.703673">
      </trkpt>
      <trkpt lat="35.691397" lon="139.703697">
      </trkpt>
      <trkpt lat="35.691376" lon="139.703743">
      </trkpt>
      <trkpt lat="35.691328" lon="139.703851">
      </trkpt>
      <trkpt lat="35.690953" lon="139.704688">
      </trkpt>
      <trkpt lat="35.690884" lon="139.704836">
      </trkpt>
      <trkpt lat="35.690851" lon="139.704908">
      </trkpt>
      <trkpt lat="35.690708" lon="139.704813">
      </trkpt>
      <trkpt lat="35.690465" lon="139.70465">
      </trkpt>
      <trkpt lat="35.690291" lon="139.70453">
      </trkpt>
      <trkpt lat="35.690095" lon="139.704398">
      </trkpt>
      <trkpt lat="35.690001" lon="139.704335">
      </trkpt>
      <trkpt lat="35.689838" lon="139.704233">
      </trkpt>
      <trkpt lat="35.689711" lon="139.704152">
      </trkpt>
      <trkpt lat="35.689703" lon="139.704046">
      </trkpt>
      <trkpt lat="35.689692" lon="139.703918">
      </trkpt>
      <trkpt lat="35.689678" lon="139.70378">
      </trkpt>
      <trkpt lat="35.689652" lon="139.70356">
      </trkpt>
      <trkpt lat="35.68961" lon="139.703204">
      </trkpt>
      <trkpt lat="35.68956" lon="139.702903">
      </trkpt>
      <trkpt lat="35.689468" lon="139.70247">
      </trkpt>
      <trkpt lat="35.689393" lon="139.702172">
      </trkpt>
      <trkpt lat="35.689353" lon="139.702011">
      </trkpt>
      <trkpt lat="35.689324" lon="139.701907">
      </trkpt>
      <trkpt lat="35.689215" lon="139.701495">
      </trkpt>
      <trkpt lat="35.689145" lon="139.701172">
      </trkpt>
      <trkpt lat="35.689021" lon="139.700488">
      </trkpt>
      <trkpt lat="35.688951" lon="139.700117">
      </trkpt>
      <trkpt lat="35.688912" lon="139.699956">
      </trkpt>
      <trkpt lat="35.688867" lon="139.699791">
      </trkpt>
      <trkpt lat="35.688812" lon="139.699641">
      </trkpt>
      <trkpt lat="35.688749" lon="139.69948">
      </trkpt>
      <trkpt lat="35.688665" lon="139.699297">
      </trkpt>
      <trkpt lat="35.688625" lon="139.69921">
      </trkpt>
      <trkpt lat="35.688541" lon="139.698988">
      </trkpt>
      <trkpt lat="35.688652" lon="139.698941">
      </trkpt>
      <trkpt lat="35.688746" lon="139.699185">
      </trkpt>
      <trkpt lat="35.688824" lon="139.699378">
      </trkpt>
      <trkpt lat="35.688907" lon="139.699587">
      </trkpt>
      <trkpt lat="35.688954" lon="139.699717">
      </trkpt>
      <trkpt lat="35.689015" lon="139.699929">
      </trkpt>
      <trkpt lat="35.689053" lon="139.70009">
      </trkpt>
      <trkpt lat="35.689092" lon="139.700283">
      </trkpt>
      <trkpt lat="35.689132" lon="139.700502">
      </trkpt>
      <trkpt lat="35.689247" lon="139.701129">
      </trkpt>
      <trkpt lat="35.689318" lon="139.701466">
      </trkpt>
      <trkpt lat="35.689392" lon="139.701768">
      </trkpt>
      <trkpt lat="35.689432" lon="139.701931">
      </trkpt>
      <trkpt lat="35.689553" lon="139.702426">
      </trkpt>
      <trkpt lat="35.68965" lon="139.702879">
      </trkpt>
      <trkpt lat="35.689702" lon="139.703184">
      </trkpt>
      <trkpt lat="35.689735" lon="139.703422">
      </trkpt>
      <trkpt lat="35.689766" lon="139.703641">
      </trkpt>
      <trkpt lat="35.689802" lon="139.703923">
      </trkpt>
      <trkpt lat="35.689811" lon="139.703991">
      </trkpt>
      <trkpt lat="35.689825" lon="139.704126">
      </trkpt>
      <trkpt lat="35.689838" lon="139.704233">
      </trkpt>
      <trkpt lat="35.689711" lon="139.704152">
      </trkpt>
      <trkpt lat="35.689703" lon="139.704046">
      </trkpt>
      <trkpt lat="35.689692" lon="139.703918">
      </trkpt>
      <trkpt lat="35.689678" lon="139.70378">
      </trkpt>
      <trkpt lat="35.689652" lon="139.70356">
      </trkpt>
      <trkpt lat="35.68961" lon="139.703204">
      </trkpt>
      <trkpt lat="35.68956" lon="139.702903">
      </trkpt>
      <trkpt lat="35.689468" lon="139.70247">
      </trkpt>
      <trkpt lat="35.689393" lon="139.702172">
      </trkpt>
      <trkpt lat="35.689353" lon="139.702011">
      </trkpt>
      <trkpt lat="35.689324" lon="139.701907">
      </trkpt>
      <trkpt lat="35.689215" lon="139.701495">
      </trkpt>
      <trkpt lat="35.689145" lon="139.701172">
      </trkpt>
      <trkpt lat="35.689021" lon="139.700488">
      </trkpt>
      <trkpt lat="35.688951" lon="139.700117">
      </trkpt>
      <trkpt lat="35.688912" lon="139.699956">
      </trkpt>
      <trkpt lat="35.688867" lon="139.699791">
      </trkpt>
      <trkpt lat="35.688812" lon="139.699641">
      </trkpt>
      <trkpt lat="35.688749" lon="139.69948">
      </trkpt>
      <trkpt lat="35.688665" lon="139.699297">
      </trkpt>
      <trkpt lat="35.688625" lon="139.69921">
      </trkpt>
      <trkpt lat="35.688541" lon="139.698988">
      </trkpt>
      <trkpt lat="35.688424" lon="139.699036">
      </trkpt>
      <trkpt lat="35.688366" lon="139.699059">
      </trkpt>
      <trkpt lat="35.688179" lon="139.699132">
      </trkpt>
      <trkpt lat="35.687708" lon="139.699314">
      </trkpt>
      <trkpt lat="35.687136" lon="139.69952">
      </trkpt>
      <trkpt lat="35.686921" lon="139.699608">
      </trkpt>
      <trkpt lat="35.686575" lon="139.699803">
      </trkpt>
      <trkpt lat="35.686342" lon="139.699978">
      </trkpt>
      <trkpt lat="35.685753" lon="139.700649">
      </trkpt>
      <trkpt lat="35.685704" lon="139.700704">
      </trkpt>
      <trkpt lat="35.685664" lon="139.70075">
      </trkpt>
      <trkpt lat="35.685632" lon="139.700786">
      </trkpt>
      <trkpt lat="35.685596" lon="139.700827">
      </trkpt>
      <trkpt lat="35.685532" lon="139.700899">
      </trkpt>
      <trkpt lat="35.685481" lon="139.700956">
      </trkpt>
      <trkpt lat="35.685455" lon="139.700984">
      </trkpt>
      <trkpt lat="35.685428" lon="139.701008">
      </trkpt>
      <trkpt lat="35.685374" lon="139.70105">
      </trkpt>
      <trkpt lat="35.685306" lon="139.701087">
      </trkpt>
      <trkpt lat="35.684846" lon="139.701236">
      </trkpt>
      <trkpt lat="35.684737" lon="139.701272">
      </trkpt>
      <trkpt lat="35.684544" lon="139.701337">
      </trkpt>
      <trkpt lat="35.684143" lon="139.701452">
      </trkpt>
      <trkpt lat="35.683922" lon="139.701505">
      </trkpt>
      <trkpt lat="35.683608" lon="139.70158">
      </trkpt>
      <trkpt lat="35.683422" lon="139.701624">
      </trkpt>
      <trkpt lat="35.683283" lon="139.701658">
      </trkpt>
      <trkpt lat="35.683176" lon="139.701683">
      </trkpt>
      <trkpt lat="35.682861" lon="139.701752">
      </trkpt>
      <trkpt lat="35.682754" lon="139.701775">
      </trkpt>
      <trkpt lat="35.682647" lon="139.701805">
      </trkpt>
      <trkpt lat="35.682498" lon="139.701846">
      </trkpt>
      <trkpt lat="35.681772" lon="139.702101">
      </trkpt>
      <trkpt lat="35.68142" lon="139.702216">
      </trkpt>
      <trkpt lat="35.681328" lon="139.702252">
      </trkpt>
      <trkpt lat="35.680852" lon="139.702416">
      </trkpt>
      <trkpt lat="35.680765" lon="139.702456">
      </trkpt>
      <trkpt lat="35.680742" lon="139.702473">
      </trkpt>
      <trkpt lat="35.680662" lon="139.702569">
      </trkpt>
      <trkpt lat="35.680552" lon="139.702752">
      </trkpt>
      <trkpt lat="35.680502" lon="139.702836">
      </trkpt>
      <trkpt lat="35.680443" lon="139.702903">
      </trkpt>
      <trkpt lat="35.680369" lon="139.702962">
      </trkpt>
      <trkpt lat="35.680231" lon="139.703042">
      </trkpt>
      <trkpt lat="35.680134" lon="139.703096">
      </trkpt>
      <trkpt lat="35.680152" lon="139.703214">
      </trkpt>
      <trkpt lat="35.680204" lon="139.703544">
      </trkpt>
      <trkpt lat="35.680214" lon="139.70361">
      </trkpt>
      <trkpt lat="35.680303" lon="139.704183">
      </trkpt>
      <trkpt lat="35.680339" lon="139.70439">
      </trkpt>
      <trkpt lat="35.68036" lon="139.70451">
      </trkpt>
      <trkpt lat="35.680375" lon="139.704599">
      </trkpt>
      <trkpt lat="35.68024" lon="139.704595">
      </trkpt>
      <trkpt lat="35.68019" lon="139.704593">
      </trkpt>
      <trkpt lat="35.680079" lon="139.704595">
      </trkpt>
      <trkpt lat="35.679939" lon="139.704608">
      </trkpt>
      <trkpt lat="35.679841" lon="139.704622">
      </trkpt>
      <trkpt lat="35.67973" lon="139.704648">
      </trkpt>
      <trkpt lat="35.679625" lon="139.704692">
      </trkpt>
      <trkpt lat="35.679545" lon="139.704728">
      </trkpt>
      <trkpt lat="35.679468" lon="139.704772">
      </trkpt>
      <trkpt lat="35.679071" lon="139.705085">
      </trkpt>
      <trkpt lat="35.678872" lon="139.705233">
      </trkpt>
      <trkpt lat="35.678538" lon="139.705485">
      </trkpt>
      <trkpt lat="35.678365" lon="139.705618">
      </trkpt>
      <trkpt lat="35.678298" lon="139.70567">
      </trkpt>
      <trkpt lat="35.678241" lon="139.705717">
      </trkpt>
      <trkpt lat="35.678048" lon="139.705866">
      </trkpt>
      <trkpt lat="35.677893" lon="139.705984">
      </trkpt>
      <trkpt lat="35.677741" lon="139.706088">
      </trkpt>
      <trkpt lat="35.677552" lon="139.706182">
      </trkpt>
      <trkpt lat="35.677342" lon="139.706254">
      </trkpt>
      <trkpt lat="35.677249" lon="139.706279">
      </trkpt>
      <trkpt lat="35.677217" lon="139.706287">
      </trkpt>
      <trkpt lat="35.677007" lon="139.706344">
      </trkpt>
      <trkpt lat="35.676942" lon="139.70636">
      </trkpt>
      <trkpt lat="35.676745" lon="139.70641">
      </trkpt>
      <trkpt lat="35.676582" lon="139.706453">
      </trkpt>
      <trkpt lat="35.676474" lon="139.70648">
      </trkpt>
      <trkpt lat="35.676202" lon="139.706557">
      </trkpt>
      <trkpt lat="35.676196" lon="139.706558">
      </trkpt>
      <trkpt lat="35.675923" lon="139.706633">
      </trkpt>
      <trkpt lat="35.675634" lon="139.706712">
      </trkpt>
      <trkpt lat="35.67557" lon="139.70673">
      </trkpt>
      <trkpt lat="35.675343" lon="139.706792">
      </trkpt>
      <trkpt lat="35.675317" lon="139.706799">
      </trkpt>
      <trkpt lat="35.675015" lon="139.706882">
      </trkpt>
      <trkpt lat="35.67488" lon="139.706936">
      </trkpt>
      <trkpt lat="35.674746" lon="139.707036">
      </trkpt>
      <trkpt lat="35.674637" lon="139.707115">
      </trkpt>
      <trkpt lat="35.674613" lon="139.707021">
      </trkpt>
      <trkpt lat="35.674573" lon="139.7069">
      </trkpt>
      <trkpt lat="35.674303" lon="139.706239">
      </trkpt>
      <trkpt lat="35.673922" lon="139.705676">
      </trkpt>
      <trkpt lat="35.673843" lon="139.705568">
      </trkpt>
      <trkpt lat="35.673192" lon="139.704668">
      </trkpt>
      <trkpt lat="35.673106" lon="139.704498">
      </trkpt>
      <trkpt lat="35.672924" lon="139.703947">
      </trkpt>
      <trkpt lat="35.672864" lon="139.703759">
      </trkpt>
      <trkpt lat="35.672838" lon="139.703668">
      </trkpt>
      <trkpt lat="35.672818" lon="139.703602">
      </trkpt>
      <trkpt lat="35.6728" lon="139.703559">
      </trkpt>
      <trkpt lat="35.672778" lon="139.703523">
      </trkpt>
      <trkpt lat="35.672751" lon="139.703495">
      </trkpt>
      <trkpt lat="35.672722" lon="139.703477">
      </trkpt>
      <trkpt lat="35.672465" lon="139.703375">
      </trkpt>
      <trkpt lat="35.672253" lon="139.70327">
      </trkpt>
      <trkpt lat="35.672059" lon="139.703173">
      </trkpt>
      <trkpt lat="35.671962" lon="139.703125">
      </trkpt>
      <trkpt lat="35.67187" lon="139.70309">
      </trkpt>
      <trkpt lat="35.671692" lon="139.70304">
      </trkpt>
      <trkpt lat="35.671605" lon="139.703018">
      </trkpt>
      <trkpt lat="35.671524" lon="139.702997">
      </trkpt>
      <trkpt lat="35.671171" lon="139.702915">
      </trkpt>
      <trkpt lat="35.67101" lon="139.702873">
      </trkpt>
      <trkpt lat="35.670903" lon="139.702854">
      </trkpt>
      <trkpt lat="35.670788" lon="139.702851">
      </trkpt>
      <trkpt lat="35.670664" lon="139.702854">
      </trkpt>
      <trkpt lat="35.670443" lon="139.702871">
      </trkpt>
      <trkpt lat="35.670364" lon="139.702872">
      </trkpt>
      <trkpt lat="35.670295" lon="139.702869">
      </trkpt>
      <trkpt lat="35.67021" lon="139.702863">
      </trkpt>
      <trkpt lat="35.669936" lon="139.702837">
      </trkpt>
      <trkpt lat="35.669757" lon="139.702815">
      </trkpt>
      <trkpt lat="35.669719" lon="139.702811">
      </trkpt>
      <trkpt lat="35.669534" lon="139.702784">
      </trkpt>
      <trkpt lat="35.66958" lon="139.70275">
      </trkpt>
      <trkpt lat="35.669624" lon="139.702706">
      </trkpt>
      <trkpt lat="35.669651" lon="139.702615">
      </trkpt>
      <trkpt lat="35.669656" lon="139.702563">
      </trkpt>
      <trkpt lat="35.669683" lon="139.702251">
      </trkpt>
      <trkpt lat="35.669683" lon="139.702229">
      </trkpt>
      <trkpt lat="35.669681" lon="139.702208">
      </trkpt>
      <trkpt lat="35.669675" lon="139.70219">
      </trkpt>
      <trkpt lat="35.669668" lon="139.702175">
      </trkpt>
      <trkpt lat="35.669701" lon="139.702115">
      </trkpt>
      <trkpt lat="35.669717" lon="139.702086">
      </trkpt>
      <trkpt lat="35.669839" lon="139.702083">
      </trkpt>
      <trkpt lat="35.670041" lon="139.702108">
      </trkpt>
      <trkpt lat="35.670512" lon="139.702134">
      </trkpt>
      <trkpt lat="35.670798" lon="139.702149">
      </trkpt>
      <trkpt lat="35.671145" lon="139.702213">
      </trkpt>
      <trkpt lat="35.671704" lon="139.702362">
      </trkpt>
      <trkpt lat="35.672181" lon="139.702561">
      </trkpt>
      <trkpt lat="35.672226" lon="139.702371">
      </trkpt>
      <trkpt lat="35.672181" lon="139.702561">
      </trkpt>
      <trkpt lat="35.671704" lon="139.702362">
      </trkpt>
      <trkpt lat="35.671145" lon="139.702213">
      </trkpt>
      <trkpt lat="35.670798" lon="139.702149">
      </trkpt>
      <trkpt lat="35.670041" lon="139.702108">
      </trkpt>
      <trkpt lat="35.669839" lon="139.702083">
      </trkpt>
      <trkpt lat="35.669717" lon="139.702086">
      </trkpt>
      <trkpt lat="35.669701" lon="139.702115">
      </trkpt>
      <trkpt lat="35.669668" lon="139.702175">
      </trkpt>
      <trkpt lat="35.66966" lon="139.702166">
      </trkpt>
      <trkpt lat="35.66965" lon="139.702159">
      </trkpt>
      <trkpt lat="35.669639" lon="139.702154">
      </trkpt>
      <trkpt lat="35.669627" lon="139.702152">
      </trkpt>
      <trkpt lat="35.669403" lon="139.702128">
      </trkpt>
      <trkpt lat="35.669335" lon="139.702121">
      </trkpt>
      <trkpt lat="35.669235" lon="139.702106">
      </trkpt>
      <trkpt lat="35.669123" lon="139.702084">
      </trkpt>
      <trkpt lat="35.668984" lon="139.702054">
      </trkpt>
      <trkpt lat="35.668747" lon="139.702003">
      </trkpt>
      <trkpt lat="35.668626" lon="139.701981">
      </trkpt>
      <trkpt lat="35.668438" lon="139.701947">
      </trkpt>
      <trkpt lat="35.668265" lon="139.701923">
      </trkpt>
      <trkpt lat="35.668122" lon="139.701905">
      </trkpt>
      <trkpt lat="35.666716" lon="139.701783">
      </trkpt>
      <trkpt lat="35.666539" lon="139.701767">
      </trkpt>
      <trkpt lat="35.666359" lon="139.70175">
      </trkpt>
      <trkpt lat="35.665941" lon="139.701691">
      </trkpt>
      <trkpt lat="35.665731" lon="139.70165">
      </trkpt>
      <trkpt lat="35.665099" lon="139.70148">
      </trkpt>
      <trkpt lat="35.664962" lon="139.701454">
      </trkpt>
      <trkpt lat="35.664644" lon="139.701406">
      </trkpt>
      <trkpt lat="35.664552" lon="139.701391">
      </trkpt>
      <trkpt lat="35.664087" lon="139.701327">
      </trkpt>
      <trkpt lat="35.663533" lon="139.701267">
      </trkpt>
      <trkpt lat="35.663483" lon="139.701262">
      </trkpt>
      <trkpt lat="35.663334" lon="139.701252">
      </trkpt>
      <trkpt lat="35.663253" lon="139.701138">
      </trkpt>
      <trkpt lat="35.663201" lon="139.701075">
      </trkpt>
      <trkpt lat="35.663146" lon="139.701019">
      </trkpt>
      <trkpt lat="35.663088" lon="139.700968">
      </trkpt>
      <trkpt lat="35.663025" lon="139.700923">
      </trkpt>
      <trkpt lat="35.662992" lon="139.700902">
      </trkpt>
      <trkpt lat="35.662957" lon="139.700884">
      </trkpt>
      <trkpt lat="35.662921" lon="139.700868">
      </trkpt>
      <trkpt lat="35.662885" lon="139.700855">
      </trkpt>
      <trkpt lat="35.662849" lon="139.700844">
      </trkpt>
      <trkpt lat="35.662812" lon="139.700837">
      </trkpt>
      <trkpt lat="35.662735" lon="139.700829">
      </trkpt>
      <trkpt lat="35.662318" lon="139.700828">
      </trkpt>
      <trkpt lat="35.66221" lon="139.700829">
      </trkpt>
      <trkpt lat="35.662084" lon="139.700825">
      </trkpt>
      <trkpt lat="35.661294" lon="139.700829">
      </trkpt>
      <trkpt lat="35.661186" lon="139.70083">
      </trkpt>
      <trkpt lat="35.66112" lon="139.70083">
      </trkpt>
      <trkpt lat="35.661067" lon="139.70083">
      </trkpt>
      <trkpt lat="35.660977" lon="139.700833">
      </trkpt>
      <trkpt lat="35.660596" lon="139.70083">
      </trkpt>
      <trkpt lat="35.660436" lon="139.700822">
      </trkpt>
      <trkpt lat="35.660321" lon="139.700815">
      </trkpt>
      <trkpt lat="35.660168" lon="139.700778">
      </trkpt>
      <trkpt lat="35.66002" lon="139.700736">
      </trkpt>
      <trkpt lat="35.659731" lon="139.700655">
      </trkpt>
      <trkpt lat="35.659701" lon="139.700646">
      </trkpt>
      <trkpt lat="35.659659" lon="139.700633">
      </trkpt>
      <trkpt lat="35.659482" lon="139.700572">
      </trkpt>
      <trkpt lat="35.659317" lon="139.700574">
      </trkpt>
      <trkpt lat="35.659285" lon="139.700564">
      </trkpt>
      <trkpt lat="35.659202" lon="139.700537">
      </trkpt>
      <trkpt lat="35.659119" lon="139.700505">
      </trkpt>
      <trkpt lat="35.659039" lon="139.700468">
      </trkpt>
      <trkpt lat="35.658945" lon="139.700417">
      </trkpt>
      <trkpt lat="35.658939" lon="139.700414">
      </trkpt>
      <trkpt lat="35.658903" lon="139.700402">
      </trkpt>
      <trkpt lat="35.658863" lon="139.700398">
      </trkpt>
      <trkpt lat="35.658761" lon="139.700409">
      </trkpt>
      <trkpt lat="35.658685" lon="139.70042">
      </trkpt>
      <trkpt lat="35.658627" lon="139.700435">
      </trkpt>
      <trkpt lat="35.658554" lon="139.700465">
      </trkpt>
      <trkpt lat="35.658498" lon="139.700495">
      </trkpt>
      <trkpt lat="35.658475" lon="139.700509">
      </trkpt>
      <trkpt lat="35.65844" lon="139.700536">
      </trkpt>
      <trkpt lat="35.658317" lon="139.700626">
      </trkpt>
      <trkpt lat="35.658291" lon="139.700637">
      </trkpt>
      <trkpt lat="35.658271" lon="139.700642">
      </trkpt>
      <trkpt lat="35.65825" lon="139.700643">
      </trkpt>
      <trkpt lat="35.65823" lon="139.700642">
      </trkpt>
      <trkpt lat="35.658208" lon="139.70064">
      </trkpt>
      <trkpt lat="35.658177" lon="139.700632">
      </trkpt>
      <trkpt lat="35.658127" lon="139.700615">
      </trkpt>
      <trkpt lat="35.658104" lon="139.700608">
      </trkpt>
      <trkpt lat="35.658056" lon="139.700593">
      </trkpt>
      <trkpt lat="35.658038" lon="139.700588">
      </trkpt>
      <trkpt lat="35.658007" lon="139.700582">
      </trkpt>
      <trkpt lat="35.657981" lon="139.700584">
      </trkpt>
      <trkpt lat="35.657957" lon="139.700589">
      </trkpt>
      <trkpt lat="35.657908" lon="139.700604">
      </trkpt>
      <trkpt lat="35.6578" lon="139.700653">
      </trkpt>
      <trkpt lat="35.657744" lon="139.700675">
      </trkpt>
      <trkpt lat="35.657587" lon="139.700762">
      </trkpt>
      <trkpt lat="35.657503" lon="139.70081">
      </trkpt>
      <trkpt lat="35.657435" lon="139.700846">
      </trkpt>
      <trkpt lat="35.657364" lon="139.700883">
      </trkpt>
      <trkpt lat="35.657308" lon="139.70091">
      </trkpt>
      <trkpt lat="35.657234" lon="139.700947">
      </trkpt>
      <trkpt lat="35.657127" lon="139.700999">
      </trkpt>
      <trkpt lat="35.657095" lon="139.701024">
      </trkpt>
      <trkpt lat="35.657022" lon="139.701084">
      </trkpt>
      <trkpt lat="35.656993" lon="139.701128">
      </trkpt>
      <trkpt lat="35.656826" lon="139.70154">
      </trkpt>
      <trkpt lat="35.656797" lon="139.701613">
      </trkpt>
      <trkpt lat="35.656759" lon="139.701702">
      </trkpt>
      <trkpt lat="35.656672" lon="139.701908">
      </trkpt>
      <trkpt lat="35.656597" lon="139.70204">
      </trkpt>
      <trkpt lat="35.656522" lon="139.702136">
      </trkpt>
      <trkpt lat="35.656473" lon="139.702199">
      </trkpt>
      <trkpt lat="35.65604" lon="139.702757">
      </trkpt>
      <trkpt lat="35.655953" lon="139.702868">
      </trkpt>
      <trkpt lat="35.655815" lon="139.703047">
      </trkpt>
      <trkpt lat="35.655807" lon="139.703058">
      </trkpt>
      <trkpt lat="35.655804" lon="139.703069">
      </trkpt>
      <trkpt lat="35.655797" lon="139.703108">
      </trkpt>
      <trkpt lat="35.655618" lon="139.703354">
      </trkpt>
      <trkpt lat="35.655603" lon="139.703402">
      </trkpt>
      <trkpt lat="35.654915" lon="139.703987">
      </trkpt>
      <trkpt lat="35.654737" lon="139.704159">
      </trkpt>
      <trkpt lat="35.654641" lon="139.704258">
      </trkpt>
      <trkpt lat="35.654547" lon="139.704325">
      </trkpt>
      <trkpt lat="35.654486" lon="139.704357">
      </trkpt>
      <trkpt lat="35.654376" lon="139.704422">
      </trkpt>
      <trkpt lat="35.654255" lon="139.704489">
      </trkpt>
      <trkpt lat="35.654047" lon="139.704621">
      </trkpt>
      <trkpt lat="35.653832" lon="139.704742">
      </trkpt>
      <trkpt lat="35.653691" lon="139.70482">
      </trkpt>
      <trkpt lat="35.653607" lon="139.704865">
      </trkpt>
      <trkpt lat="35.653712" lon="139.705161">
      </trkpt>
      <trkpt lat="35.653542" lon="139.705338">
      </trkpt>
      <trkpt lat="35.653391" lon="139.705499">
      </trkpt>
      <trkpt lat="35.653159" lon="139.705711">
      </trkpt>
      <trkpt lat="35.653012" lon="139.705845">
      </trkpt>
      <trkpt lat="35.652797" lon="139.706029">
      </trkpt>
      <trkpt lat="35.652585" lon="139.706217">
      </trkpt>
      <trkpt lat="35.652233" lon="139.706527">
      </trkpt>
      <trkpt lat="35.652127" lon="139.706522">
      </trkpt>
      <trkpt lat="35.652079" lon="139.706558">
      </trkpt>
      <trkpt lat="35.651902" lon="139.706724">
      </trkpt>
      <trkpt lat="35.651628" lon="139.706966">
      </trkpt>
      <trkpt lat="35.651574" lon="139.707013">
      </trkpt>
      <trkpt lat="35.651488" lon="139.707081">
      </trkpt>
      <trkpt lat="35.651396" lon="139.707134">
      </trkpt>
      <trkpt lat="35.651279" lon="139.707189">
      </trkpt>
      <trkpt lat="35.651186" lon="139.707229">
      </trkpt>
      <trkpt lat="35.650746" lon="139.707331">
      </trkpt>
      <trkpt lat="35.650636" lon="139.707357">
      </trkpt>
      <trkpt lat="35.65058" lon="139.707367">
      </trkpt>
      <trkpt lat="35.650178" lon="139.707442">
      </trkpt>
      <trkpt lat="35.649717" lon="139.707637">
      </trkpt>
      <trkpt lat="35.649651" lon="139.707676">
      </trkpt>
      <trkpt lat="35.649232" lon="139.707878">
      </trkpt>
      <trkpt lat="35.649107" lon="139.707938">
      </trkpt>
      <trkpt lat="35.648974" lon="139.708021">
      </trkpt>
      <trkpt lat="35.648785" lon="139.708139">
      </trkpt>
      <trkpt lat="35.648729" lon="139.708186">
      </trkpt>
      <trkpt lat="35.648495" lon="139.708426">
      </trkpt>
      <trkpt lat="35.648446" lon="139.70848">
      </trkpt>
      <trkpt lat="35.648425" lon="139.708503">
      </trkpt>
      <trkpt lat="35.648274" lon="139.70866">
      </trkpt>
      <trkpt lat="35.648013" lon="139.708934">
      </trkpt>
      <trkpt lat="35.647783" lon="139.709178">
      </trkpt>
      <trkpt lat="35.647708" lon="139.709258">
      </trkpt>
      <trkpt lat="35.64764" lon="139.70935">
      </trkpt>
      <trkpt lat="35.647556" lon="139.709278">
      </trkpt>
      <trkpt lat="35.647346" lon="139.709096">
      </trkpt>
      <trkpt lat="35.647299" lon="139.709166">
      </trkpt>
      <trkpt lat="35.647143" lon="139.709259">
      </trkpt>
      <trkpt lat="35.646922" lon="139.709382">
      </trkpt>
      <trkpt lat="35.646817" lon="139.709441">
      </trkpt>
      <trkpt lat="35.646789" lon="139.709445">
      </trkpt>
      <trkpt lat="35.646753" lon="139.709511">
      </trkpt>
      <trkpt lat="35.646745" lon="139.709561">
      </trkpt>
      <trkpt lat="35.646737" lon="139.709633">
      </trkpt>
      <trkpt lat="35.646775" lon="139.709755">
      </trkpt>
      <trkpt lat="35.646403" lon="139.709942">
      </trkpt>
      <trkpt lat="35.646334" lon="139.709994">
      </trkpt>
      <trkpt lat="35.646065" lon="139.710198">
      </trkpt>
      <trkpt lat="35.645904" lon="139.710286">
      </trkpt>
      <trkpt lat="35.645727" lon="139.710399">
      </trkpt>
      <trkpt lat="35.645434" lon="139.710471">
      </trkpt>
      <trkpt lat="35.644877" lon="139.710548">
      </trkpt>
      <trkpt lat="35.644186" lon="139.710646">
      </trkpt>
      <trkpt lat="35.64413" lon="139.710646">
      </trkpt>
      <trkpt lat="35.64381" lon="139.710605">
      </trkpt>
      <trkpt lat="35.643629" lon="139.710571">
      </trkpt>
      <trkpt lat="35.64346" lon="139.710499">
      </trkpt>
      <trkpt lat="35.643381" lon="139.710486">
      </trkpt>
      <trkpt lat="35.643327" lon="139.710459">
      </trkpt>
      <trkpt lat="35.643027" lon="139.710308">
      </trkpt>
      <trkpt lat="35.642851" lon="139.710258">
      </trkpt>
      <trkpt lat="35.642349" lon="139.71007">
      </trkpt>
      <trkpt lat="35.642313" lon="139.710056">
      </trkpt>
      <trkpt lat="35.642267" lon="139.710038">
      </trkpt>
      <trkpt lat="35.641807" lon="139.709856">
      </trkpt>
      <trkpt lat="35.641758" lon="139.709837">
      </trkpt>
      <trkpt lat="35.641637" lon="139.710123">
      </trkpt>
      <trkpt lat="35.641578" lon="139.71022">
      </trkpt>
      <trkpt lat="35.641503" lon="139.71027">
      </trkpt>
      <trkpt lat="35.641464" lon="139.710229">
      </trkpt>
      <trkpt lat="35.641251" lon="139.710006">
      </trkpt>
      <trkpt lat="35.641115" lon="139.709829">
      </trkpt>
      <trkpt lat="35.640981" lon="139.70968">
      </trkpt>
      <trkpt lat="35.64088" lon="139.709573">
      </trkpt>
      <trkpt lat="35.640785" lon="139.709478">
      </trkpt>
      <trkpt lat="35.640295" lon="139.709006">
      </trkpt>
      <trkpt lat="35.640182" lon="139.708897">
      </trkpt>
      <trkpt lat="35.640051" lon="139.708765">
      </trkpt>
      <trkpt lat="35.639909" lon="139.708607">
      </trkpt>
      <trkpt lat="35.639858" lon="139.708548">
      </trkpt>
      <trkpt lat="35.639448" lon="139.708091">
      </trkpt>
      <trkpt lat="35.639251" lon="139.707872">
      </trkpt>
      <trkpt lat="35.639078" lon="139.707674">
      </trkpt>
      <trkpt lat="35.638898" lon="139.70744">
      </trkpt>
      <trkpt lat="35.638683" lon="139.70716">
      </trkpt>
      <trkpt lat="35.638622" lon="139.707084">
      </trkpt>
      <trkpt lat="35.638294" lon="139.706607">
      </trkpt>
      <trkpt lat="35.638133" lon="139.70636">
      </trkpt>
      <trkpt lat="35.637968" lon="139.706106">
      </trkpt>
      <trkpt lat="35.637955" lon="139.706086">
      </trkpt>
      <trkpt lat="35.637745" lon="139.705758">
      </trkpt>
      <trkpt lat="35.637434" lon="139.705269">
      </trkpt>
      <trkpt lat="35.637413" lon="139.705236">
      </trkpt>
      <trkpt lat="35.637349" lon="139.705136">
      </trkpt>
      <trkpt lat="35.637247" lon="139.705219">
      </trkpt>
      <trkpt lat="35.636693" lon="139.705682">
      </trkpt>
      <trkpt lat="35.63646" lon="139.705874">
      </trkpt>
      <trkpt lat="35.636221" lon="139.70606">
      </trkpt>
      <trkpt lat="35.636043" lon="139.706193">
      </trkpt>
      <trkpt lat="35.635965" lon="139.706248">
      </trkpt>
      <trkpt lat="35.635393" lon="139.706649">
      </trkpt>
      <trkpt lat="35.634989" lon="139.706919">
      </trkpt>
      <trkpt lat="35.634924" lon="139.706963">
      </trkpt>
      <trkpt lat="35.63474" lon="139.707085">
      </trkpt>
      <trkpt lat="35.633964" lon="139.707576">
      </trkpt>
      <trkpt lat="35.632839" lon="139.708327">
      </trkpt>
      <trkpt lat="35.632573" lon="139.708508">
      </trkpt>
      <trkpt lat="35.63166" lon="139.709131">
      </trkpt>
      <trkpt lat="35.631142" lon="139.709502">
      </trkpt>
      <trkpt lat="35.630933" lon="139.709652">
      </trkpt>
      <trkpt lat="35.630742" lon="139.709788">
      </trkpt>
      <trkpt lat="35.629905" lon="139.710423">
      </trkpt>
      <trkpt lat="35.629868" lon="139.710449">
      </trkpt>
      <trkpt lat="35.629605" lon="139.710646">
      </trkpt>
      <trkpt lat="35.629435" lon="139.710783">
      </trkpt>
      <trkpt lat="35.629298" lon="139.710903">
      </trkpt>
      <trkpt lat="35.629265" lon="139.710939">
      </trkpt>
      <trkpt lat="35.629154" lon="139.711054">
      </trkpt>
      <trkpt lat="35.629068" lon="139.711152">
      </trkpt>
      <trkpt lat="35.629031" lon="139.711193">
      </trkpt>
      <trkpt lat="35.628945" lon="139.711304">
      </trkpt>
      <trkpt lat="35.628826" lon="139.711482">
      </trkpt>
      <trkpt lat="35.628785" lon="139.71155">
      </trkpt>
      <trkpt lat="35.628711" lon="139.711674">
      </trkpt>
      <trkpt lat="35.628589" lon="139.711889">
      </trkpt>
      <trkpt lat="35.628232" lon="139.712579">
      </trkpt>
      <trkpt lat="35.627958" lon="139.713094">
      </trkpt>
      <trkpt lat="35.627645" lon="139.713692">
      </trkpt>
      <trkpt lat="35.627562" lon="139.713845">
      </trkpt>
      <trkpt lat="35.627471" lon="139.714008">
      </trkpt>
      <trkpt lat="35.627413" lon="139.714113">
      </trkpt>
      <trkpt lat="35.627022" lon="139.714881">
      </trkpt>
      <trkpt lat="35.626823" lon="139.715261">
      </trkpt>
      <trkpt lat="35.626778" lon="139.715343">
      </trkpt>
      <trkpt lat="35.626742" lon="139.715415">
      </trkpt>
      <trkpt lat="35.626515" lon="139.715847">
      </trkpt>
      <trkpt lat="35.626356" lon="139.71616">
      </trkpt>
      <trkpt lat="35.626315" lon="139.716232">
      </trkpt>
      <trkpt lat="35.626043" lon="139.716763">
      </trkpt>
      <trkpt lat="35.625978" lon="139.716875">
      </trkpt>
      <trkpt lat="35.625923" lon="139.716988">
      </trkpt>
      <trkpt lat="35.625799" lon="139.717209">
      </trkpt>
      <trkpt lat="35.625543" lon="139.717636">
      </trkpt>
      <trkpt lat="35.625281" lon="139.718145">
      </trkpt>
      <trkpt lat="35.625215" lon="139.718277">
      </trkpt>
      <trkpt lat="35.625103" lon="139.718497">
      </trkpt>
      <trkpt lat="35.625049" lon="139.718609">
      </trkpt>
      <trkpt lat="35.624861" lon="139.719023">
      </trkpt>
      <trkpt lat="35.62457" lon="139.719671">
      </trkpt>
      <trkpt lat="35.624517" lon="139.719791">
      </trkpt>
      <trkpt lat="35.624493" lon="139.719843">
      </trkpt>
      <trkpt lat="35.624311" lon="139.720242">
      </trkpt>
      <trkpt lat="35.624051" lon="139.720821">
      </trkpt>
      <trkpt lat="35.623987" lon="139.720961">
      </trkpt>
      <trkpt lat="35.623924" lon="139.721098">
      </trkpt>
      <trkpt lat="35.623865" lon="139.721223">
      </trkpt>
      <trkpt lat="35.623566" lon="139.721832">
      </trkpt>
      <trkpt lat="35.623439" lon="139.722095">
      </trkpt>
      <trkpt lat="35.623407" lon="139.722162">
      </trkpt>
      <trkpt lat="35.623342" lon="139.722272">
      </trkpt>
      <trkpt lat="35.623303" lon="139.722349">
      </trkpt>
      <trkpt lat="35.623248" lon="139.722444">
      </trkpt>
      <trkpt lat="35.622993" lon="139.722866">
      </trkpt>
      <trkpt lat="35.62289" lon="139.723041">
      </trkpt>
      <trkpt lat="35.622661" lon="139.723414">
      </trkpt>
      <trkpt lat="35.622613" lon="139.723492">
      </trkpt>
      <trkpt lat="35.622566" lon="139.723573">
      </trkpt>
      <trkpt lat="35.622132" lon="139.724297">
      </trkpt>
      <trkpt lat="35.62199" lon="139.724513">
      </trkpt>
      <trkpt lat="35.62194" lon="139.724582">
      </trkpt>
      <trkpt lat="35.621911" lon="139.724623">
      </trkpt>
      <trkpt lat="35.621853" lon="139.724704">
      </trkpt>
      <trkpt lat="35.621784" lon="139.72479">
      </trkpt>
      <trkpt lat="35.621613" lon="139.724982">
      </trkpt>
      <trkpt lat="35.621463" lon="139.725166">
      </trkpt>
      <trkpt lat="35.621364" lon="139.725293">
      </trkpt>
      <trkpt lat="35.621301" lon="139.725381">
      </trkpt>
      <trkpt lat="35.621244" lon="139.725469">
      </trkpt>
      <trkpt lat="35.621205" lon="139.725542">
      </trkpt>
      <trkpt lat="35.621186" lon="139.725585">
      </trkpt>
      <trkpt lat="35.62118" lon="139.725598">
      </trkpt>
      <trkpt lat="35.621166" lon="139.725628">
      </trkpt>
      <trkpt lat="35.621215" lon="139.725679">
      </trkpt>
      <trkpt lat="35.621226" lon="139.725728">
      </trkpt>
      <trkpt lat="35.621225" lon="139.725772">
      </trkpt>
      <trkpt lat="35.621212" lon="139.725805">
      </trkpt>
      <trkpt lat="35.621109" lon="139.726127">
      </trkpt>
      <trkpt lat="35.621059" lon="139.726308">
      </trkpt>
      <trkpt lat="35.621049" lon="139.726397">
      </trkpt>
      <trkpt lat="35.621049" lon="139.726478">
      </trkpt>
      <trkpt lat="35.621057" lon="139.726557">
      </trkpt>
      <trkpt lat="35.621084" lon="139.726642">
      </trkpt>
      <trkpt lat="35.620989" lon="139.726697">
      </trkpt>
      <trkpt lat="35.620812" lon="139.726696">
      </trkpt>
      <trkpt lat="35.620738" lon="139.72669">
      </trkpt>
      <trkpt lat="35.620738" lon="139.726801">
      </trkpt>
      <trkpt lat="35.620719" lon="139.726875">
      </trkpt>
      <trkpt lat="35.620685" lon="139.726967">
      </trkpt>
      <trkpt lat="35.62065" lon="139.72703">
      </trkpt>
      <trkpt lat="35.6206" lon="139.72711">
      </trkpt>
      <trkpt lat="35.620558" lon="139.72716">
      </trkpt>
      <trkpt lat="35.620507" lon="139.727226">
      </trkpt>
      <trkpt lat="35.620422" lon="139.727281">
      </trkpt>
      <trkpt lat="35.620236" lon="139.727376">
      </trkpt>
      <trkpt lat="35.620163" lon="139.727407">
      </trkpt>
      <trkpt lat="35.619967" lon="139.727495">
      </trkpt>
      <trkpt lat="35.619848" lon="139.727559">
      </trkpt>
      <trkpt lat="35.61964" lon="139.727715">
      </trkpt>
      <trkpt lat="35.619355" lon="139.727918">
      </trkpt>
      <trkpt lat="35.619176" lon="139.728051">
      </trkpt>
      <trkpt lat="35.618322" lon="139.728686">
      </trkpt>
      <trkpt lat="35.618302" lon="139.7287">
      </trkpt>
      <trkpt lat="35.618288" lon="139.728675">
      </trkpt>
      <trkpt lat="35.618309" lon="139.728659">
      </trkpt>
      <trkpt lat="35.618633" lon="139.728417">
      </trkpt>
      <trkpt lat="35.619277" lon="139.727933">
      </trkpt>
      <trkpt lat="35.619349" lon="139.727882">
      </trkpt>
      <trkpt lat="35.619589" lon="139.727712">
      </trkpt>
      <trkpt lat="35.619625" lon="139.727685">
      </trkpt>
      <trkpt lat="35.619835" lon="139.72753">
      </trkpt>
      <trkpt lat="35.61997" lon="139.727456">
      </trkpt>
      <trkpt lat="35.620087" lon="139.727405">
      </trkpt>
      <trkpt lat="35.620156" lon="139.727373">
      </trkpt>
      <trkpt lat="35.620176" lon="139.727364">
      </trkpt>
      <trkpt lat="35.620408" lon="139.727255">
      </trkpt>
      <trkpt lat="35.620435" lon="139.727242">
      </trkpt>
      <trkpt lat="35.620534" lon="139.727145">
      </trkpt>
      <trkpt lat="35.620581" lon="139.72709">
      </trkpt>
      <trkpt lat="35.620623" lon="139.727025">
      </trkpt>
      <trkpt lat="35.620661" lon="139.726954">
      </trkpt>
      <trkpt lat="35.620697" lon="139.726855">
      </trkpt>
      <trkpt lat="35.620716" lon="139.726796">
      </trkpt>
      <trkpt lat="35.620738" lon="139.72669">
      </trkpt>
      <trkpt lat="35.620746" lon="139.726592">
      </trkpt>
      <trkpt lat="35.620742" lon="139.726375">
      </trkpt>
      <trkpt lat="35.620741" lon="139.726348">
      </trkpt>
      <trkpt lat="35.620756" lon="139.726233">
      </trkpt>
      <trkpt lat="35.62078" lon="139.726137">
      </trkpt>
      <trkpt lat="35.620808" lon="139.726043">
      </trkpt>
      <trkpt lat="35.620941" lon="139.725646">
      </trkpt>
      <trkpt lat="35.62096" lon="139.725605">
      </trkpt>
      <trkpt lat="35.620983" lon="139.72557">
      </trkpt>
      <trkpt lat="35.621014" lon="139.725548">
      </trkpt>
      <trkpt lat="35.621046" lon="139.725546">
      </trkpt>
      <trkpt lat="35.621103" lon="139.725566">
      </trkpt>
      <trkpt lat="35.621194" lon="139.725397">
      </trkpt>
      <trkpt lat="35.62125" lon="139.725302">
      </trkpt>
      <trkpt lat="35.621312" lon="139.725214">
      </trkpt>
      <trkpt lat="35.621675" lon="139.724736">
      </trkpt>
      <trkpt lat="35.621705" lon="139.724696">
      </trkpt>
      <trkpt lat="35.621757" lon="139.72463">
      </trkpt>
      <trkpt lat="35.62177" lon="139.724614">
      </trkpt>
      <trkpt lat="35.621829" lon="139.724537">
      </trkpt>
      <trkpt lat="35.621896" lon="139.724447">
      </trkpt>
      <trkpt lat="35.621964" lon="139.724348">
      </trkpt>
      <trkpt lat="35.62206" lon="139.724197">
      </trkpt>
      <trkpt lat="35.622348" lon="139.723709">
      </trkpt>
      <trkpt lat="35.622446" lon="139.72354">
      </trkpt>
      <trkpt lat="35.622474" lon="139.723491">
      </trkpt>
      <trkpt lat="35.622522" lon="139.723411">
      </trkpt>
      <trkpt lat="35.622656" lon="139.723179">
      </trkpt>
      <trkpt lat="35.623112" lon="139.722374">
      </trkpt>
      <trkpt lat="35.62314" lon="139.722319">
      </trkpt>
      <trkpt lat="35.623218" lon="139.722203">
      </trkpt>
      <trkpt lat="35.623266" lon="139.722121">
      </trkpt>
      <trkpt lat="35.623342" lon="139.722272">
      </trkpt>
      <trkpt lat="35.623415" lon="139.722377">
      </trkpt>
      <trkpt lat="35.623481" lon="139.722449">
      </trkpt>
      <trkpt lat="35.623634" lon="139.722584">
      </trkpt>
      <trkpt lat="35.623926" lon="139.72283">
      </trkpt>
      <trkpt lat="35.624185" lon="139.722975">
      </trkpt>
      <trkpt lat="35.624238" lon="139.723007">
      </trkpt>
      <trkpt lat="35.624294" lon="139.723042">
      </trkpt>
      <trkpt lat="35.624347" lon="139.723079">
      </trkpt>
      <trkpt lat="35.624741" lon="139.723301">
      </trkpt>
      <trkpt lat="35.624759" lon="139.723311">
      </trkpt>
      <trkpt lat="35.625006" lon="139.723466">
      </trkpt>
      <trkpt lat="35.625043" lon="139.723489">
      </trkpt>
      <trkpt lat="35.625189" lon="139.723583">
      </trkpt>
      <trkpt lat="35.625307" lon="139.72366">
      </trkpt>
      <trkpt lat="35.625502" lon="139.723784">
      </trkpt>
      <trkpt lat="35.62554" lon="139.723815">
      </trkpt>
      <trkpt lat="35.625571" lon="139.723848">
      </trkpt>
      <trkpt lat="35.625596" lon="139.723882">
      </trkpt>
      <trkpt lat="35.625871" lon="139.724412">
      </trkpt>
      <trkpt lat="35.625929" lon="139.724367">
      </trkpt>
      <trkpt lat="35.625946" lon="139.724355">
      </trkpt>
      <trkpt lat="35.626208" lon="139.724171">
      </trkpt>
      <trkpt lat="35.62631" lon="139.724099">
      </trkpt>
      <trkpt lat="35.626396" lon="139.724039">
      </trkpt>
      <trkpt lat="35.626452" lon="139.723999">
      </trkpt>
      <trkpt lat="35.626517" lon="139.723954">
      </trkpt>
      <trkpt lat="35.626556" lon="139.724031">
      </trkpt>
      <trkpt lat="35.626573" lon="139.724068">
      </trkpt>
      <trkpt lat="35.626592" lon="139.724112">
      </trkpt>
      <trkpt lat="35.626604" lon="139.724148">
      </trkpt>
      <trkpt lat="35.626606" lon="139.724181">
      </trkpt>
      <trkpt lat="35.626602" lon="139.724216">
      </trkpt>
      <trkpt lat="35.626594" lon="139.724254">
      </trkpt>
      <trkpt lat="35.626577" lon="139.724251">
      </trkpt>
      <trkpt lat="35.626556" lon="139.724252">
      </trkpt>
      <trkpt lat="35.626537" lon="139.724257">
      </trkpt>
      <trkpt lat="35.626514" lon="139.72427">
      </trkpt>
      <trkpt lat="35.626467" lon="139.724302">
      </trkpt>
      <trkpt lat="35.626467" lon="139.724302">
      </trkpt>
      <trkpt lat="35.62628" lon="139.724436">
      </trkpt>
      <trkpt lat="35.626151" lon="139.724526">
      </trkpt>
      <trkpt lat="35.62609" lon="139.72454">
      </trkpt>
      <trkpt lat="35.626044" lon="139.724544">
      </trkpt>
      <trkpt lat="35.626013" lon="139.724542">
      </trkpt>
      <trkpt lat="35.625977" lon="139.724537">
      </trkpt>
      <trkpt lat="35.625961" lon="139.724525">
      </trkpt>
      <trkpt lat="35.625941" lon="139.724504">
      </trkpt>
      <trkpt lat="35.62593" lon="139.724483">
      </trkpt>
      <trkpt lat="35.625924" lon="139.724469">
      </trkpt>
      <trkpt lat="35.62592" lon="139.724455">
      </trkpt>
      <trkpt lat="35.625916" lon="139.724439">
      </trkpt>
      <trkpt lat="35.625914" lon="139.724416">
      </trkpt>
      <trkpt lat="35.625916" lon="139.724394">
      </trkpt>
      <trkpt lat="35.625919" lon="139.724382">
      </trkpt>
      <trkpt lat="35.625929" lon="139.724367">
      </trkpt>
      <trkpt lat="35.625946" lon="139.724355">
      </trkpt>
      <trkpt lat="35.626208" lon="139.724171">
      </trkpt>
      <trkpt lat="35.62631" lon="139.724099">
      </trkpt>
      <trkpt lat="35.626396" lon="139.724039">
      </trkpt>
      <trkpt lat="35.626452" lon="139.723999">
      </trkpt>
      <trkpt lat="35.626517" lon="139.723954">
      </trkpt>
      <trkpt lat="35.626554" lon="139.723928">
      </trkpt>
      <trkpt lat="35.626587" lon="139.723903">
      </trkpt>
      <trkpt lat="35.626723" lon="139.723804">
      </trkpt>
      <trkpt lat="35.626773" lon="139.723773">
      </trkpt>
      <trkpt lat="35.626815" lon="139.723761">
      </trkpt>
      <trkpt lat="35.626843" lon="139.723758">
      </trkpt>
      <trkpt lat="35.626871" lon="139.723763">
      </trkpt>
      <trkpt lat="35.626891" lon="139.723771">
      </trkpt>
      <trkpt lat="35.626908" lon="139.723783">
      </trkpt>
      <trkpt lat="35.627083" lon="139.724032">
      </trkpt>
      <trkpt lat="35.627227" lon="139.724235">
      </trkpt>
      <trkpt lat="35.627286" lon="139.724109">
      </trkpt>
      <trkpt lat="35.627314" lon="139.724037">
      </trkpt>
      <trkpt lat="35.627399" lon="139.723697">
      </trkpt>
      <trkpt lat="35.627562" lon="139.7231">
      </trkpt>
      <trkpt lat="35.627611" lon="139.722919">
      </trkpt>
      <trkpt lat="35.627621" lon="139.722868">
      </trkpt>
      <trkpt lat="35.627646" lon="139.722764">
      </trkpt>
      <trkpt lat="35.62768" lon="139.72265">
      </trkpt>
      <trkpt lat="35.627831" lon="139.722284">
      </trkpt>
      <trkpt lat="35.628451" lon="139.721161">
      </trkpt>
      <trkpt lat="35.628626" lon="139.720758">
      </trkpt>
      <trkpt lat="35.628659" lon="139.720683">
      </trkpt>
      <trkpt lat="35.628831" lon="139.72027">
      </trkpt>
      <trkpt lat="35.628856" lon="139.720203">
      </trkpt>
      <trkpt lat="35.628954" lon="139.719973">
      </trkpt>
      <trkpt lat="35.62898" lon="139.719898">
      </trkpt>
      <trkpt lat="35.629092" lon="139.719667">
      </trkpt>
      <trkpt lat="35.629241" lon="139.719359">
      </trkpt>
      <trkpt lat="35.629326" lon="139.719184">
      </trkpt>
      <trkpt lat="35.629442" lon="139.718873">
      </trkpt>
      <trkpt lat="35.629559" lon="139.718541">
      </trkpt>
      <trkpt lat="35.629594" lon="139.718439">
      </trkpt>
      <trkpt lat="35.629719" lon="139.718181">
      </trkpt>
      <trkpt lat="35.629956" lon="139.717781">
      </trkpt>
      <trkpt lat="35.630158" lon="139.717516">
      </trkpt>
      <trkpt lat="35.630518" lon="139.717145">
      </trkpt>
      <trkpt lat="35.630739" lon="139.716979">
      </trkpt>
      <trkpt lat="35.630988" lon="139.716817">
      </trkpt>
      <trkpt lat="35.631053" lon="139.71678">
      </trkpt>
      <trkpt lat="35.631371" lon="139.716605">
      </trkpt>
      <trkpt lat="35.631747" lon="139.716461">
      </trkpt>
      <trkpt lat="35.6318" lon="139.716445">
      </trkpt>
      <trkpt lat="35.6319" lon="139.716425">
      </trkpt>
      <trkpt lat="35.632136" lon="139.716387">
      </trkpt>
      <trkpt lat="35.632294" lon="139.716355">
      </trkpt>
      <trkpt lat="35.632415" lon="139.716328">
      </trkpt>
      <trkpt lat="35.632591" lon="139.71628">
      </trkpt>
      <trkpt lat="35.632709" lon="139.716249">
      </trkpt>
      <trkpt lat="35.63281" lon="139.716226">
      </trkpt>
      <trkpt lat="35.632966" lon="139.716201">
      </trkpt>
      <trkpt lat="35.633173" lon="139.716155">
      </trkpt>
      <trkpt lat="35.63342" lon="139.716092">
      </trkpt>
      <trkpt lat="35.633625" lon="139.716043">
      </trkpt>
      <trkpt lat="35.633732" lon="139.716026">
      </trkpt>
      <trkpt lat="35.63373" lon="139.715916">
      </trkpt>
      <trkpt lat="35.633726" lon="139.71559">
      </trkpt>
      <trkpt lat="35.633738" lon="139.715428">
      </trkpt>
      <trkpt lat="35.633754" lon="139.715301">
      </trkpt>
      <trkpt lat="35.633641" lon="139.715223">
      </trkpt>
      <trkpt lat="35.633586" lon="139.715211">
      </trkpt>
      <trkpt lat="35.63352" lon="139.715249">
      </trkpt>
      <trkpt lat="35.633355" lon="139.715327">
      </trkpt>
      <trkpt lat="35.632817" lon="139.715515">
      </trkpt>
      <trkpt lat="35.6326" lon="139.715636">
      </trkpt>
      <trkpt lat="35.63258" lon="139.715646">
      </trkpt>
      <trkpt lat="35.632483" lon="139.715691">
      </trkpt>
      <trkpt lat="35.632415" lon="139.715723">
      </trkpt>
      <trkpt lat="35.632159" lon="139.715829">
      </trkpt>
      <trkpt lat="35.631898" lon="139.716045">
      </trkpt>
      <trkpt lat="35.631419" lon="139.716223">
      </trkpt>
      <trkpt lat="35.631147" lon="139.716349">
      </trkpt>
      <trkpt lat="35.630628" lon="139.716698">
      </trkpt>
      <trkpt lat="35.630273" lon="139.717029">
      </trkpt>
      <trkpt lat="35.630204" lon="139.717101">
      </trkpt>
      <trkpt lat="35.629896" lon="139.717419">
      </trkpt>
      <trkpt lat="35.629781" lon="139.717571">
      </trkpt>
      <trkpt lat="35.629742" lon="139.717622">
      </trkpt>
      <trkpt lat="35.629566" lon="139.717909">
      </trkpt>
      <trkpt lat="35.629352" lon="139.718332">
      </trkpt>
      <trkpt lat="35.628936" lon="139.719274">
      </trkpt>
      <trkpt lat="35.628657" lon="139.719795">
      </trkpt>
      <trkpt lat="35.628954" lon="139.719973">
      </trkpt>
      <trkpt lat="35.628856" lon="139.720203">
      </trkpt>
      <trkpt lat="35.628831" lon="139.72027">
      </trkpt>
      <trkpt lat="35.628659" lon="139.720683">
      </trkpt>
      <trkpt lat="35.628626" lon="139.720758">
      </trkpt>
      <trkpt lat="35.628451" lon="139.721161">
      </trkpt>
      <trkpt lat="35.627831" lon="139.722284">
      </trkpt>
      <trkpt lat="35.62768" lon="139.72265">
      </trkpt>
      <trkpt lat="35.627646" lon="139.722764">
      </trkpt>
      <trkpt lat="35.627621" lon="139.722868">
      </trkpt>
      <trkpt lat="35.627611" lon="139.722919">
      </trkpt>
      <trkpt lat="35.627562" lon="139.7231">
      </trkpt>
      <trkpt lat="35.627399" lon="139.723697">
      </trkpt>
      <trkpt lat="35.627314" lon="139.724037">
      </trkpt>
      <trkpt lat="35.627286" lon="139.724109">
      </trkpt>
      <trkpt lat="35.627227" lon="139.724235">
      </trkpt>
      <trkpt lat="35.627419" lon="139.724517">
      </trkpt>
      <trkpt lat="35.627522" lon="139.724671">
      </trkpt>
      <trkpt lat="35.627622" lon="139.724813">
      </trkpt>
      <trkpt lat="35.627791" lon="139.725041">
      </trkpt>
      <trkpt lat="35.627979" lon="139.725279">
      </trkpt>
      <trkpt lat="35.628154" lon="139.725487">
      </trkpt>
      <trkpt lat="35.628273" lon="139.725616">
      </trkpt>
      <trkpt lat="35.628352" lon="139.725703">
      </trkpt>
      <trkpt lat="35.628447" lon="139.72581">
      </trkpt>
      <trkpt lat="35.628557" lon="139.725929">
      </trkpt>
      <trkpt lat="35.628774" lon="139.72616">
      </trkpt>
      <trkpt lat="35.628847" lon="139.72623">
      </trkpt>
      <trkpt lat="35.629253" lon="139.726636">
      </trkpt>
      <trkpt lat="35.629393" lon="139.726794">
      </trkpt>
      <trkpt lat="35.629513" lon="139.72696">
      </trkpt>
      <trkpt lat="35.629565" lon="139.727039">
      </trkpt>
      <trkpt lat="35.629644" lon="139.727155">
      </trkpt>
      <trkpt lat="35.629727" lon="139.727299">
      </trkpt>
      <trkpt lat="35.629805" lon="139.727437">
      </trkpt>
      <trkpt lat="35.630342" lon="139.728396">
      </trkpt>
      <trkpt lat="35.630575" lon="139.728724">
      </trkpt>
      <trkpt lat="35.630658" lon="139.728841">
      </trkpt>
      <trkpt lat="35.630687" lon="139.728879">
      </trkpt>
      <trkpt lat="35.631076" lon="139.72935">
      </trkpt>
      <trkpt lat="35.631172" lon="139.729473">
      </trkpt>
      <trkpt lat="35.631272" lon="139.729604">
      </trkpt>
      <trkpt lat="35.6314" lon="139.729776">
      </trkpt>
      <trkpt lat="35.631464" lon="139.729857">
      </trkpt>
      <trkpt lat="35.631601" lon="139.730061">
      </trkpt>
      <trkpt lat="35.631679" lon="139.730181">
      </trkpt>
      <trkpt lat="35.631805" lon="139.730367">
      </trkpt>
      <trkpt lat="35.631865" lon="139.730441">
      </trkpt>
      <trkpt lat="35.631932" lon="139.730508">
      </trkpt>
      <trkpt lat="35.632028" lon="139.730593">
      </trkpt>
      <trkpt lat="35.632109" lon="139.730658">
      </trkpt>
      <trkpt lat="35.63208" lon="139.730822">
      </trkpt>
      <trkpt lat="35.632076" lon="139.730912">
      </trkpt>
      <trkpt lat="35.632072" lon="139.730958">
      </trkpt>
      <trkpt lat="35.632028" lon="139.731605">
      </trkpt>
      <trkpt lat="35.631968" lon="139.732371">
      </trkpt>
      <trkpt lat="35.631962" lon="139.732442">
      </trkpt>
      <trkpt lat="35.631918" lon="139.73244">
      </trkpt>
      <trkpt lat="35.631102" lon="139.732413">
      </trkpt>
      <trkpt lat="35.630886" lon="139.732406">
      </trkpt>
      <trkpt lat="35.630664" lon="139.732401">
      </trkpt>
      <trkpt lat="35.630605" lon="139.7324">
      </trkpt>
      <trkpt lat="35.630487" lon="139.732398">
      </trkpt>
      <trkpt lat="35.630195" lon="139.732394">
      </trkpt>
      <trkpt lat="35.630135" lon="139.732393">
      </trkpt>
      <trkpt lat="35.630058" lon="139.732391">
      </trkpt>
      <trkpt lat="35.629663" lon="139.732384">
      </trkpt>
      <trkpt lat="35.62962" lon="139.732393">
      </trkpt>
      <trkpt lat="35.629582" lon="139.732418">
      </trkpt>
      <trkpt lat="35.629559" lon="139.73245">
      </trkpt>
      <trkpt lat="35.629541" lon="139.732497">
      </trkpt>
      <trkpt lat="35.629511" lon="139.732724">
      </trkpt>
      <trkpt lat="35.629495" lon="139.732849">
      </trkpt>
      <trkpt lat="35.629444" lon="139.733238">
      </trkpt>
      <trkpt lat="35.629431" lon="139.733342">
      </trkpt>
      <trkpt lat="35.629223" lon="139.735105">
      </trkpt>
      <trkpt lat="35.629114" lon="139.736093">
      </trkpt>
      <trkpt lat="35.629075" lon="139.736442">
      </trkpt>
      <trkpt lat="35.629062" lon="139.736555">
      </trkpt>
      <trkpt lat="35.629029" lon="139.736843">
      </trkpt>
      <trkpt lat="35.629018" lon="139.736962">
      </trkpt>
      <trkpt lat="35.629012" lon="139.737087">
      </trkpt>
      <trkpt lat="35.629012" lon="139.737279">
      </trkpt>
      <trkpt lat="35.629013" lon="139.737452">
      </trkpt>
      <trkpt lat="35.629049" lon="139.737595">
      </trkpt>
      <trkpt lat="35.628761" lon="139.737603">
      </trkpt>
      <trkpt lat="35.628689" lon="139.737605">
      </trkpt>
      <trkpt lat="35.628595" lon="139.737608">
      </trkpt>
      <trkpt lat="35.628393" lon="139.737613">
      </trkpt>
      <trkpt lat="35.628317" lon="139.737617">
      </trkpt>
      <trkpt lat="35.628106" lon="139.737625">
      </trkpt>
      <trkpt lat="35.627987" lon="139.737633">
      </trkpt>
      <trkpt lat="35.627854" lon="139.737642">
      </trkpt>
      <trkpt lat="35.627511" lon="139.737681">
      </trkpt>
      <trkpt lat="35.62727" lon="139.737715">
      </trkpt>
      <trkpt lat="35.62679" lon="139.737804">
      </trkpt>
      <trkpt lat="35.626742" lon="139.73779">
      </trkpt>
      <trkpt lat="35.626707" lon="139.737746">
      </trkpt>
      <trkpt lat="35.626693" lon="139.737671">
      </trkpt>
      <trkpt lat="35.626872" lon="139.737638">
      </trkpt>
      <trkpt lat="35.627044" lon="139.737607">
      </trkpt>
      <trkpt lat="35.627115" lon="139.737591">
      </trkpt>
      <trkpt lat="35.627266" lon="139.737565">
      </trkpt>
      <trkpt lat="35.627502" lon="139.737532">
      </trkpt>
      <trkpt lat="35.627837" lon="139.737497">
      </trkpt>
      <trkpt lat="35.628111" lon="139.737478">
      </trkpt>
      <trkpt lat="35.628399" lon="139.73747">
      </trkpt>
      <trkpt lat="35.628495" lon="139.737468">
      </trkpt>
      <trkpt lat="35.628615" lon="139.737464">
      </trkpt>
      <trkpt lat="35.628726" lon="139.737462">
      </trkpt>
      <trkpt lat="35.62894" lon="139.737455">
      </trkpt>
      <trkpt lat="35.629013" lon="139.737452">
      </trkpt>
      <trkpt lat="35.629564" lon="139.737443">
      </trkpt>
      <trkpt lat="35.629901" lon="139.737446">
      </trkpt>
      <trkpt lat="35.630161" lon="139.737458">
      </trkpt>
      <trkpt lat="35.630275" lon="139.737464">
      </trkpt>
      <trkpt lat="35.631329" lon="139.737522">
      </trkpt>
      <trkpt lat="35.631737" lon="139.737557">
      </trkpt>
      <trkpt lat="35.631834" lon="139.737571">
      </trkpt>
      <trkpt lat="35.631873" lon="139.737576">
      </trkpt>
      <trkpt lat="35.632144" lon="139.737624">
      </trkpt>
      <trkpt lat="35.632268" lon="139.737645">
      </trkpt>
      <trkpt lat="35.632612" lon="139.737711">
      </trkpt>
      <trkpt lat="35.633205" lon="139.73784">
      </trkpt>
      <trkpt lat="35.633679" lon="139.737963">
      </trkpt>
      <trkpt lat="35.633879" lon="139.738015">
      </trkpt>
      <trkpt lat="35.633917" lon="139.738025">
      </trkpt>
      <trkpt lat="35.634029" lon="139.738056">
      </trkpt>
      <trkpt lat="35.634001" lon="139.73821">
      </trkpt>
      <trkpt lat="35.633977" lon="139.738333">
      </trkpt>
      <trkpt lat="35.63397" lon="139.738378">
      </trkpt>
      <trkpt lat="35.633907" lon="139.738722">
      </trkpt>
      <trkpt lat="35.633878" lon="139.738902">
      </trkpt>
      <trkpt lat="35.633831" lon="139.739192">
      </trkpt>
      <trkpt lat="35.633804" lon="139.739353">
      </trkpt>
      <trkpt lat="35.633782" lon="139.739468">
      </trkpt>
      <trkpt lat="35.633781" lon="139.739523">
      </trkpt>
      <trkpt lat="35.633803" lon="139.739556">
      </trkpt>
      <trkpt lat="35.633841" lon="139.739576">
      </trkpt>
      <trkpt lat="35.63412" lon="139.739657">
      </trkpt>
      <trkpt lat="35.634394" lon="139.739752">
      </trkpt>
      <trkpt lat="35.634483" lon="139.73979">
      </trkpt>
      <trkpt lat="35.63453" lon="139.739814">
      </trkpt>
      <trkpt lat="35.634573" lon="139.739843">
      </trkpt>
      <trkpt lat="35.63482" lon="139.740009">
      </trkpt>
      <trkpt lat="35.634908" lon="139.740042">
      </trkpt>
      <trkpt lat="35.635344" lon="139.740223">
      </trkpt>
      <trkpt lat="35.635461" lon="139.740271">
      </trkpt>
      <trkpt lat="35.635553" lon="139.740337">
      </trkpt>
      <trkpt lat="35.63558" lon="139.740356">
      </trkpt>
      <trkpt lat="35.635628" lon="139.740376">
      </trkpt>
      <trkpt lat="35.63634" lon="139.740702">
      </trkpt>
      <trkpt lat="35.636496" lon="139.740781">
      </trkpt>
      <trkpt lat="35.636841" lon="139.740973">
      </trkpt>
      <trkpt lat="35.636917" lon="139.741008">
      </trkpt>
      <trkpt lat="35.636972" lon="139.740988">
      </trkpt>
      <trkpt lat="35.637009" lon="139.740964">
      </trkpt>
      <trkpt lat="35.637035" lon="139.740925">
      </trkpt>
      <trkpt lat="35.637467" lon="139.739574">
      </trkpt>
      <trkpt lat="35.637505" lon="139.739462">
      </trkpt>
      <trkpt lat="35.637585" lon="139.739346">
      </trkpt>
      <trkpt lat="35.637731" lon="139.739407">
      </trkpt>
      <trkpt lat="35.637763" lon="139.739421">
      </trkpt>
      <trkpt lat="35.638711" lon="139.739953">
      </trkpt>
      <trkpt lat="35.638906" lon="139.740062">
      </trkpt>
      <trkpt lat="35.639247" lon="139.740254">
      </trkpt>
      <trkpt lat="35.639384" lon="139.740326">
      </trkpt>
      <trkpt lat="35.639741" lon="139.740514">
      </trkpt>
      <trkpt lat="35.639977" lon="139.740649">
      </trkpt>
      <trkpt lat="35.6401" lon="139.74072">
      </trkpt>
      <trkpt lat="35.640157" lon="139.740753">
      </trkpt>
      <trkpt lat="35.640221" lon="139.740789">
      </trkpt>
      <trkpt lat="35.640303" lon="139.740835">
      </trkpt>
      <trkpt lat="35.640477" lon="139.740908">
      </trkpt>
      <trkpt lat="35.640623" lon="139.740963">
      </trkpt>
      <trkpt lat="35.640967" lon="139.741105">
      </trkpt>
      <trkpt lat="35.641326" lon="139.741254">
      </trkpt>
      <trkpt lat="35.641581" lon="139.741383">
      </trkpt>
      <trkpt lat="35.64177" lon="139.741489">
      </trkpt>
      <trkpt lat="35.642387" lon="139.74184">
      </trkpt>
      <trkpt lat="35.642403" lon="139.741849">
      </trkpt>
      <trkpt lat="35.642449" lon="139.741879">
      </trkpt>
      <trkpt lat="35.642518" lon="139.741924">
      </trkpt>
      <trkpt lat="35.642556" lon="139.741949">
      </trkpt>
      <trkpt lat="35.642827" lon="139.742128">
      </trkpt>
      <trkpt lat="35.642891" lon="139.74217">
      </trkpt>
      <trkpt lat="35.642983" lon="139.74223">
      </trkpt>
      <trkpt lat="35.643632" lon="139.742609">
      </trkpt>
      <trkpt lat="35.643864" lon="139.742772">
      </trkpt>
      <trkpt lat="35.643921" lon="139.742821">
      </trkpt>
      <trkpt lat="35.64444" lon="139.743293">
      </trkpt>
      <trkpt lat="35.644654" lon="139.743482">
      </trkpt>
      <trkpt lat="35.644824" lon="139.743678">
      </trkpt>
      <trkpt lat="35.645124" lon="139.744058">
      </trkpt>
      <trkpt lat="35.645217" lon="139.744178">
      </trkpt>
      <trkpt lat="35.6453" lon="139.744292">
      </trkpt>
      <trkpt lat="35.645408" lon="139.744469">
      </trkpt>
      <trkpt lat="35.645517" lon="139.744646">
      </trkpt>
      <trkpt lat="35.64595" lon="139.745337">
      </trkpt>
      <trkpt lat="35.646161" lon="139.745689">
      </trkpt>
      <trkpt lat="35.646191" lon="139.745736">
      </trkpt>
      <trkpt lat="35.646357" lon="139.746039">
      </trkpt>
      <trkpt lat="35.646646" lon="139.746615">
      </trkpt>
      <trkpt lat="35.646739" lon="139.7468">
      </trkpt>
      <trkpt lat="35.646763" lon="139.746847">
      </trkpt>
      <trkpt lat="35.646788" lon="139.746905">
      </trkpt>
      <trkpt lat="35.646923" lon="139.747191">
      </trkpt>
      <trkpt lat="35.646943" lon="139.747231">
      </trkpt>
      <trkpt lat="35.647019" lon="139.747393">
      </trkpt>
      <trkpt lat="35.646913" lon="139.747471">
      </trkpt>
      <trkpt lat="35.646864" lon="139.747357">
      </trkpt>
      <trkpt lat="35.646839" lon="139.747299">
      </trkpt>
      <trkpt lat="35.646821" lon="139.747257">
      </trkpt>
      <trkpt lat="35.64669" lon="139.746979">
      </trkpt>
      <trkpt lat="35.646608" lon="139.74704">
      </trkpt>
      <trkpt lat="35.646565" lon="139.74707">
      </trkpt>
      <trkpt lat="35.646248" lon="139.74729">
      </trkpt>
      <trkpt lat="35.646253" lon="139.747307">
      </trkpt>
      <trkpt lat="35.646252" lon="139.747325">
      </trkpt>
      <trkpt lat="35.646246" lon="139.747342">
      </trkpt>
      <trkpt lat="35.646237" lon="139.747356">
      </trkpt>
      <trkpt lat="35.646224" lon="139.747366">
      </trkpt>
      <trkpt lat="35.646209" lon="139.747369">
      </trkpt>
      <trkpt lat="35.646195" lon="139.747367">
      </trkpt>
      <trkpt lat="35.646181" lon="139.747359">
      </trkpt>
      <trkpt lat="35.646171" lon="139.747346">
      </trkpt>
      <trkpt lat="35.646164" lon="139.747329">
      </trkpt>
      <trkpt lat="35.646164" lon="139.747329">
      </trkpt>
      <trkpt lat="35.646163" lon="139.747311">
      </trkpt>
      <trkpt lat="35.646166" lon="139.747293">
      </trkpt>
      <trkpt lat="35.646173" lon="139.747278">
      </trkpt>
      <trkpt lat="35.646185" lon="139.747266">
      </trkpt>
      <trkpt lat="35.646199" lon="139.747259">
      </trkpt>
      <trkpt lat="35.646214" lon="139.747259">
      </trkpt>
      <trkpt lat="35.646228" lon="139.747264">
      </trkpt>
      <trkpt lat="35.64624" lon="139.747275">
      </trkpt>
      <trkpt lat="35.646248" lon="139.74729">
      </trkpt>
      <trkpt lat="35.646565" lon="139.74707">
      </trkpt>
      <trkpt lat="35.646608" lon="139.74704">
      </trkpt>
      <trkpt lat="35.64669" lon="139.746979">
      </trkpt>
      <trkpt lat="35.646788" lon="139.746905">
      </trkpt>
      <trkpt lat="35.646923" lon="139.747191">
      </trkpt>
      <trkpt lat="35.646943" lon="139.747231">
      </trkpt>
      <trkpt lat="35.647019" lon="139.747393">
      </trkpt>
      <trkpt lat="35.647346" lon="139.74814">
      </trkpt>
      <trkpt lat="35.647588" lon="139.748627">
      </trkpt>
      <trkpt lat="35.647606" lon="139.748663">
      </trkpt>
      <trkpt lat="35.647636" lon="139.748732">
      </trkpt>
      <trkpt lat="35.647781" lon="139.748754">
      </trkpt>
      <trkpt lat="35.647995" lon="139.748786">
      </trkpt>
      <trkpt lat="35.648365" lon="139.748846">
      </trkpt>
      <trkpt lat="35.648654" lon="139.748894">
      </trkpt>
      <trkpt lat="35.649175" lon="139.748972">
      </trkpt>
      <trkpt lat="35.649406" lon="139.74901">
      </trkpt>
      <trkpt lat="35.649908" lon="139.7491">
      </trkpt>
      <trkpt lat="35.650027" lon="139.74912">
      </trkpt>
      <trkpt lat="35.650191" lon="139.749147">
      </trkpt>
      <trkpt lat="35.651497" lon="139.749361">
      </trkpt>
      <trkpt lat="35.651903" lon="139.749435">
      </trkpt>
      <trkpt lat="35.652198" lon="139.749488">
      </trkpt>
      <trkpt lat="35.652391" lon="139.749523">
      </trkpt>
      <trkpt lat="35.652445" lon="139.749532">
      </trkpt>
      <trkpt lat="35.652589" lon="139.749563">
      </trkpt>
      <trkpt lat="35.652671" lon="139.749687">
      </trkpt>
      <trkpt lat="35.652724" lon="139.749807">
      </trkpt>
      <trkpt lat="35.652746" lon="139.749866">
      </trkpt>
      <trkpt lat="35.652915" lon="139.750292">
      </trkpt>
      <trkpt lat="35.653088" lon="139.75072">
      </trkpt>
      <trkpt lat="35.65313" lon="139.750895">
      </trkpt>
      <trkpt lat="35.653144" lon="139.751154">
      </trkpt>
      <trkpt lat="35.653097" lon="139.752162">
      </trkpt>
      <trkpt lat="35.65308" lon="139.752281">
      </trkpt>
      <trkpt lat="35.653062" lon="139.75236">
      </trkpt>
      <trkpt lat="35.653015" lon="139.752472">
      </trkpt>
      <trkpt lat="35.653143" lon="139.75248">
      </trkpt>
      <trkpt lat="35.653265" lon="139.752512">
      </trkpt>
      <trkpt lat="35.653556" lon="139.752588">
      </trkpt>
      <trkpt lat="35.653685" lon="139.752597">
      </trkpt>
      <trkpt lat="35.653752" lon="139.752603">
      </trkpt>
      <trkpt lat="35.653734" lon="139.752702">
      </trkpt>
      <trkpt lat="35.653695" lon="139.752917">
      </trkpt>
      <trkpt lat="35.653626" lon="139.753316">
      </trkpt>
      <trkpt lat="35.653564" lon="139.753718">
      </trkpt>
      <trkpt lat="35.653526" lon="139.75397">
      </trkpt>
      <trkpt lat="35.65352" lon="139.754025">
      </trkpt>
      <trkpt lat="35.653508" lon="139.754142">
      </trkpt>
      <trkpt lat="35.653495" lon="139.754318">
      </trkpt>
      <trkpt lat="35.653488" lon="139.754419">
      </trkpt>
      <trkpt lat="35.653455" lon="139.75478">
      </trkpt>
      <trkpt lat="35.653448" lon="139.754839">
      </trkpt>
      <trkpt lat="35.653351" lon="139.755801">
      </trkpt>
      <trkpt lat="35.653341" lon="139.755901">
      </trkpt>
      <trkpt lat="35.6533" lon="139.756312">
      </trkpt>
      <trkpt lat="35.653296" lon="139.756361">
      </trkpt>
      <trkpt lat="35.653305" lon="139.756403">
      </trkpt>
      <trkpt lat="35.65333" lon="139.756428">
      </trkpt>
      <trkpt lat="35.653511" lon="139.756469">
      </trkpt>
      <trkpt lat="35.653818" lon="139.75655">
      </trkpt>
      <trkpt lat="35.65408" lon="139.756612">
      </trkpt>
      <trkpt lat="35.654268" lon="139.756651">
      </trkpt>
      <trkpt lat="35.654442" lon="139.756686">
      </trkpt>
      <trkpt lat="35.654442" lon="139.756686">
      </trkpt>
      <trkpt lat="35.654505" lon="139.756075">
      </trkpt>
      <trkpt lat="35.654532" lon="139.755827">
      </trkpt>
      <trkpt lat="35.654611" lon="139.755091">
      </trkpt>
      <trkpt lat="35.65462" lon="139.755003">
      </trkpt>
      <trkpt lat="35.654628" lon="139.754934">
      </trkpt>
      <trkpt lat="35.654668" lon="139.754627">
      </trkpt>
      <trkpt lat="35.654675" lon="139.754578">
      </trkpt>
      <trkpt lat="35.654687" lon="139.754477">
      </trkpt>
      <trkpt lat="35.654709" lon="139.754299">
      </trkpt>
      <trkpt lat="35.654799" lon="139.754312">
      </trkpt>
      <trkpt lat="35.655587" lon="139.754421">
      </trkpt>
      <trkpt lat="35.656577" lon="139.754568">
      </trkpt>
      <trkpt lat="35.656643" lon="139.754578">
      </trkpt>
      <trkpt lat="35.656808" lon="139.754598">
      </trkpt>
      <trkpt lat="35.656959" lon="139.754619">
      </trkpt>
      <trkpt lat="35.657629" lon="139.754721">
      </trkpt>
      <trkpt lat="35.658694" lon="139.754868">
      </trkpt>
      <trkpt lat="35.658746" lon="139.754875">
      </trkpt>
      <trkpt lat="35.658813" lon="139.754883">
      </trkpt>
      <trkpt lat="35.658878" lon="139.754889">
      </trkpt>
      <trkpt lat="35.659886" lon="139.755026">
      </trkpt>
      <trkpt lat="35.660042" lon="139.755056">
      </trkpt>
      <trkpt lat="35.660088" lon="139.755064">
      </trkpt>
      <trkpt lat="35.660206" lon="139.755087">
      </trkpt>
      <trkpt lat="35.660274" lon="139.755102">
      </trkpt>
      <trkpt lat="35.660351" lon="139.755124">
      </trkpt>
      <trkpt lat="35.660396" lon="139.755146">
      </trkpt>
      <trkpt lat="35.660457" lon="139.755192">
      </trkpt>
      <trkpt lat="35.660652" lon="139.755341">
      </trkpt>
      <trkpt lat="35.66088" lon="139.755539">
      </trkpt>
      <trkpt lat="35.661673" lon="139.756202">
      </trkpt>
      <trkpt lat="35.662347" lon="139.75676">
      </trkpt>
      <trkpt lat="35.662387" lon="139.756793">
      </trkpt>
      <trkpt lat="35.662476" lon="139.756867">
      </trkpt>
      <trkpt lat="35.662561" lon="139.756939">
      </trkpt>
      <trkpt lat="35.663022" lon="139.757329">
      </trkpt>
      <trkpt lat="35.663136" lon="139.757425">
      </trkpt>
      <trkpt lat="35.663203" lon="139.757482">
      </trkpt>
      <trkpt lat="35.663351" lon="139.757608">
      </trkpt>
      <trkpt lat="35.66343" lon="139.757676">
      </trkpt>
      <trkpt lat="35.663569" lon="139.757792">
      </trkpt>
      <trkpt lat="35.663698" lon="139.757903">
      </trkpt>
      <trkpt lat="35.663865" lon="139.758048">
      </trkpt>
      <trkpt lat="35.664165" lon="139.758298">
      </trkpt>
      <trkpt lat="35.664293" lon="139.758407">
      </trkpt>
      <trkpt lat="35.664782" lon="139.7588">
      </trkpt>
      <trkpt lat="35.664829" lon="139.758718">
      </trkpt>
      <trkpt lat="35.665224" lon="139.758714">
      </trkpt>
      <trkpt lat="35.665334" lon="139.758714">
      </trkpt>
      <trkpt lat="35.665394" lon="139.758755">
      </trkpt>
      <trkpt lat="35.665656" lon="139.758974">
      </trkpt>
      <trkpt lat="35.665684" lon="139.758998">
      </trkpt>
      <trkpt lat="35.665755" lon="139.759045">
      </trkpt>
      <trkpt lat="35.665816" lon="139.75906">
      </trkpt>
      <trkpt lat="35.665831" lon="139.759063">
      </trkpt>
      <trkpt lat="35.665844" lon="139.759068">
      </trkpt>
      <trkpt lat="35.665861" lon="139.759079">
      </trkpt>
      <trkpt lat="35.665976" lon="139.759172">
      </trkpt>
      <trkpt lat="35.666013" lon="139.759202">
      </trkpt>
      <trkpt lat="35.666046" lon="139.759219">
      </trkpt>
      <trkpt lat="35.666077" lon="139.759228">
      </trkpt>
      <trkpt lat="35.6661" lon="139.75923">
      </trkpt>
      <trkpt lat="35.666129" lon="139.759228">
      </trkpt>
      <trkpt lat="35.666181" lon="139.759221">
      </trkpt>
      <trkpt lat="35.666408" lon="139.75918">
      </trkpt>
      <trkpt lat="35.666653" lon="139.759136">
      </trkpt>
      <trkpt lat="35.666672" lon="139.759135">
      </trkpt>
      <trkpt lat="35.66669" lon="139.759138">
      </trkpt>
      <trkpt lat="35.666723" lon="139.758994">
      </trkpt>
      <trkpt lat="35.666762" lon="139.758844">
      </trkpt>
      <trkpt lat="35.666792" lon="139.758745">
      </trkpt>
      <trkpt lat="35.666829" lon="139.758672">
      </trkpt>
      <trkpt lat="35.666858" lon="139.758624">
      </trkpt>
      <trkpt lat="35.666875" lon="139.758607">
      </trkpt>
      <trkpt lat="35.666894" lon="139.758596">
      </trkpt>
      <trkpt lat="35.666924" lon="139.758588">
      </trkpt>
      <trkpt lat="35.666924" lon="139.758588">
      </trkpt>
      <trkpt lat="35.667066" lon="139.758565">
      </trkpt>
      <trkpt lat="35.667193" lon="139.758545">
      </trkpt>
      <trkpt lat="35.667319" lon="139.758523">
      </trkpt>
      <trkpt lat="35.667424" lon="139.758485">
      </trkpt>
      <trkpt lat="35.667464" lon="139.75847">
      </trkpt>
      <trkpt lat="35.667523" lon="139.758443">
      </trkpt>
      <trkpt lat="35.667575" lon="139.758433">
      </trkpt>
      <trkpt lat="35.66763" lon="139.758436">
      </trkpt>
      <trkpt lat="35.6677" lon="139.758458">
      </trkpt>
      <trkpt lat="35.667997" lon="139.758599">
      </trkpt>
      <trkpt lat="35.668153" lon="139.758679">
      </trkpt>
      <trkpt lat="35.668372" lon="139.75879">
      </trkpt>
      <trkpt lat="35.668453" lon="139.758847">
      </trkpt>
      <trkpt lat="35.668506" lon="139.758893">
      </trkpt>
      <trkpt lat="35.66855" lon="139.758944">
      </trkpt>
      <trkpt lat="35.669056" lon="139.75951">
      </trkpt>
      <trkpt lat="35.669129" lon="139.759595">
      </trkpt>
      <trkpt lat="35.669203" lon="139.759675">
      </trkpt>
      <trkpt lat="35.669464" lon="139.759953">
      </trkpt>
      <trkpt lat="35.66975" lon="139.760257">
      </trkpt>
      <trkpt lat="35.669832" lon="139.760345">
      </trkpt>
      <trkpt lat="35.669915" lon="139.760432">
      </trkpt>
      <trkpt lat="35.670644" lon="139.7612">
      </trkpt>
      <trkpt lat="35.670716" lon="139.761276">
      </trkpt>
      <trkpt lat="35.670783" lon="139.761348">
      </trkpt>
      <trkpt lat="35.671416" lon="139.762027">
      </trkpt>
      <trkpt lat="35.67154" lon="139.76216">
      </trkpt>
      <trkpt lat="35.671607" lon="139.762232">
      </trkpt>
      <trkpt lat="35.671667" lon="139.762297">
      </trkpt>
      <trkpt lat="35.672344" lon="139.763017">
      </trkpt>
      <trkpt lat="35.672399" lon="139.763074">
      </trkpt>
      <trkpt lat="35.672512" lon="139.763175">
      </trkpt>
      <trkpt lat="35.6726" lon="139.763047">
      </trkpt>
      <trkpt lat="35.672729" lon="139.762822">
      </trkpt>
      <trkpt lat="35.672871" lon="139.762705">
      </trkpt>
      <trkpt lat="35.673275" lon="139.76206">
      </trkpt>
      <trkpt lat="35.673316" lon="139.761995">
      </trkpt>
      <trkpt lat="35.673416" lon="139.761738">
      </trkpt>
      <trkpt lat="35.673503" lon="139.761835">
      </trkpt>
      <trkpt lat="35.673584" lon="139.761919">
      </trkpt>
      <trkpt lat="35.673619" lon="139.761949">
      </trkpt>
      <trkpt lat="35.673713" lon="139.762011">
      </trkpt>
      <trkpt lat="35.673831" lon="139.762072">
      </trkpt>
      <trkpt lat="35.674019" lon="139.762131">
      </trkpt>
      <trkpt lat="35.674161" lon="139.762111">
      </trkpt>
      <trkpt lat="35.674368" lon="139.762178">
      </trkpt>
      <trkpt lat="35.674502" lon="139.762222">
      </trkpt>
      <trkpt lat="35.674601" lon="139.762255">
      </trkpt>
      <trkpt lat="35.674707" lon="139.762358">
      </trkpt>
      <trkpt lat="35.674807" lon="139.762389">
      </trkpt>
      <trkpt lat="35.674908" lon="139.76242">
      </trkpt>
      <trkpt lat="35.674942" lon="139.762431">
      </trkpt>
      <trkpt lat="35.67502" lon="139.762458">
      </trkpt>
      <trkpt lat="35.675107" lon="139.762488">
      </trkpt>
      <trkpt lat="35.675155" lon="139.762503">
      </trkpt>
      <trkpt lat="35.675494" lon="139.762609">
      </trkpt>
      <trkpt lat="35.675751" lon="139.762688">
      </trkpt>
      <trkpt lat="35.67584" lon="139.762713">
      </trkpt>
      <trkpt lat="35.675811" lon="139.762841">
      </trkpt>
      <trkpt lat="35.675703" lon="139.763337">
      </trkpt>
      <trkpt lat="35.675693" lon="139.763385">
      </trkpt>
      <trkpt lat="35.675652" lon="139.763574">
      </trkpt>
      <trkpt lat="35.675643" lon="139.763615">
      </trkpt>
      <trkpt lat="35.675702" lon="139.763702">
      </trkpt>
      <trkpt lat="35.675813" lon="139.763861">
      </trkpt>
      <trkpt lat="35.675977" lon="139.764085">
      </trkpt>
      <trkpt lat="35.676149" lon="139.764277">
      </trkpt>
      <trkpt lat="35.676333" lon="139.76446">
      </trkpt>
      <trkpt lat="35.67652" lon="139.764618">
      </trkpt>
      <trkpt lat="35.676635" lon="139.764701">
      </trkpt>
      <trkpt lat="35.67694" lon="139.764893">
      </trkpt>
      <trkpt lat="35.677253" lon="139.765054">
      </trkpt>
      <trkpt lat="35.677336" lon="139.765086">
      </trkpt>
      <trkpt lat="35.677421" lon="139.765106">
      </trkpt>
      <trkpt lat="35.67747" lon="139.765104">
      </trkpt>
      <trkpt lat="35.677573" lon="139.765091">
      </trkpt>
      <trkpt lat="35.677644" lon="139.765067">
      </trkpt>
      <trkpt lat="35.677694" lon="139.765062">
      </trkpt>
      <trkpt lat="35.677826" lon="139.765109">
      </trkpt>
      <trkpt lat="35.678884" lon="139.765485">
      </trkpt>
      <trkpt lat="35.678926" lon="139.765499">
      </trkpt>
      <trkpt lat="35.67898" lon="139.765519">
      </trkpt>
      <trkpt lat="35.679427" lon="139.765664">
      </trkpt>
      <trkpt lat="35.679463" lon="139.765665">
      </trkpt>
      <trkpt lat="35.679492" lon="139.765663">
      </trkpt>
      <trkpt lat="35.67955" lon="139.765633">
      </trkpt>
      <trkpt lat="35.679752" lon="139.765502">
      </trkpt>
      <trkpt lat="35.680134" lon="139.765244">
      </trkpt>
      <trkpt lat="35.680189" lon="139.765186">
      </trkpt>
      <trkpt lat="35.680211" lon="139.765155">
      </trkpt>
      <trkpt lat="35.680229" lon="139.765105">
      </trkpt>
      <trkpt lat="35.680261" lon="139.76498">
      </trkpt>
      <trkpt lat="35.680381" lon="139.764965">
      </trkpt>
      <trkpt lat="35.680453" lon="139.764986">
      </trkpt>
      <trkpt lat="35.68052" lon="139.765006">
      </trkpt>
      <trkpt lat="35.680592" lon="139.764961">
      </trkpt>
    </trkseg>
  </trk>
</gpx>